logged_message_short_id,calendar_id,message_timestamp,source_host,latitude,longitude,validity,heading,speed,odometer,adherence_seconds
7900607164,120220920,2022-09-20T07:59:37.527Z,2515,449869600,-932090200,178,,0,0,0
7900607168,120220920,2022-09-20T07:59:38.847Z,4126,449637600,-930888600,164,0,1,1119,0
7900607169,120220920,2022-09-20T07:59:39.583Z,3965,449868800,-932088400,178,,0,0,0
7900607170,120220920,2022-09-20T07:59:39.927Z,5192,449864007,-932093872,166,,0,0,-60
7900607173,120220920,2022-09-20T07:59:41.627Z,3668,449872100,-932089800,164,,0,0,0
7900607175,120220920,2022-09-20T07:59:42.827Z,5032,449871300,-932090400,178,,0,0,0
7900607176,120220920,2022-09-20T07:59:42.927Z,2168,449868800,-932092400,162,,0,0,0
7900607177,120220920,2022-09-20T07:59:42.967Z,2679,449643000,-930881300,46,,0,0,0
7900607178,120220920,2022-09-20T07:59:43.120Z,4065,450774300,-933131800,164,,0,873,0
7900607179,120220920,2022-09-20T07:59:43.510Z,3947,449854000,-932841000,182,,0,2606,0
7900607182,120220920,2022-09-20T07:59:44.090Z,2531,450775300,-933113300,46,,0,27,0
7900607184,120220920,2022-09-20T07:59:44.177Z,5346,449648000,-930879000,164,,0,30,0
7900607185,120220920,2022-09-20T07:59:44.417Z,3880,449862100,-932838200,46,,0,0,0
7900607186,120220920,2022-09-20T07:59:44.530Z,3894,449643400,-930890800,46,,0,0,0
7900607187,120220920,2022-09-20T07:59:44.763Z,5203,449869329,-932095528,46,,0,0,-60
7900607188,120220920,2022-09-20T07:59:44.803Z,5382,449638900,-930886500,180,,0,11479,0
7900607189,120220920,2022-09-20T07:59:44.847Z,3667,449873100,-932087500,164,,0,0,0
7900607190,120220920,2022-09-20T07:59:45.077Z,2612,449328600,-930717700,162,344,50,1428,0
7900607191,120220920,2022-09-20T07:59:45.227Z,5202,449861589,-932093442,168,,0,0,-60
7900607192,120220920,2022-09-20T07:59:45.377Z,2506,449873400,-932088600,162,,0,0,0
7900607195,120220920,2022-09-20T07:59:45.980Z,4111,449583039,-932438070,130,,0,65535,-60
7900607197,120220920,2022-09-20T07:59:48.327Z,4113,449790244,-932681497,14,,0,65535,-60
7900607198,120220920,2022-09-20T07:59:48.623Z,3965,449868800,-932088400,178,,0,0,0
7900607200,120220920,2022-09-20T07:59:50.953Z,2679,449643000,-930881300,46,,0,0,0
7900607201,120220920,2022-09-20T07:59:51.137Z,4065,450774400,-933131800,166,148,1,873,0
7900607202,120220920,2022-09-20T07:59:51.330Z,5345,449637000,-930885900,180,,0,26859,0
7900607203,120220920,2022-09-20T07:59:51.627Z,3947,449854000,-932841100,182,,0,2606,0
7900607204,120220920,2022-09-20T07:59:52.097Z,2531,450775300,-933113300,46,,0,27,0
7900607205,120220920,2022-09-20T07:59:52.287Z,5346,449648000,-930879000,164,,0,30,0
7900607208,120220920,2022-09-20T07:59:53.117Z,2612,449349100,-930727700,162,340,60,1441,0
7900607209,120220920,2022-09-20T07:59:53.427Z,2506,449873400,-932088600,162,,0,0,0
7900607210,120220920,2022-09-20T07:59:53.477Z,3880,449862100,-932838200,46,,0,0,0
7900607211,120220920,2022-09-20T07:59:53.537Z,3894,449643500,-930890700,46,,0,0,0
7900607212,120220920,2022-09-20T07:59:53.627Z,5215,449863400,-932090200,162,,0,0,0
7900607216,120220920,2022-09-20T07:59:54.827Z,4162,450772800,-933105800,164,,0,0,0
7900607217,120220920,2022-09-20T07:59:55.240Z,2488,449637000,-930886700,162,,0,0,0
7900607220,120220920,2022-09-20T07:59:57.563Z,3965,449868800,-932088400,178,,0,0,0
7900607223,120220920,2022-09-20T07:59:58.987Z,2679,449643000,-930881300,46,,0,0,0
7900607224,120220920,2022-09-20T07:59:59.157Z,4065,450774100,-933131900,166,,0,873,0
7900607225,120220920,2022-09-20T07:59:59.737Z,3947,449854400,-932841700,182,,0,2606,0
7900607226,120220920,2022-09-20T08:00:00.130Z,2531,450775300,-933113300,46,,0,27,0
7900607227,120220920,2022-09-20T08:00:00.447Z,5346,449648000,-930879000,164,,0,30,0
7900607228,120220920,2022-09-20T08:00:01.117Z,2612,449367000,-930737400,162,340,50,1455,0
7900607229,120220920,2022-09-20T08:00:01.393Z,2506,449873400,-932088600,162,,0,0,0
7900607233,120220920,2022-09-20T08:00:02.393Z,4113,449790244,-932681497,14,,0,65535,-60
7900607234,120220920,2022-09-20T08:00:02.433Z,3880,449862100,-932838200,46,,0,0,0
7900607236,120220920,2022-09-20T08:00:02.590Z,3894,449642700,-930891700,46,,0,0,0
7900607237,120220920,2022-09-20T08:00:03.130Z,2488,449637500,-930887400,164,,0,0,0
7900607238,120220920,2022-09-20T08:00:03.830Z,5033,449865400,-932089900,178,,0,0,0
7900607239,120220920,2022-09-20T08:00:05.023Z,3946,449854500,-932823100,180,,0,696,0
7900607240,120220920,2022-09-20T08:00:05.420Z,3656,453282061,-937194795,162,,0,0,-60
7900607241,120220920,2022-09-20T08:00:05.727Z,5387,449871900,-932089600,178,,0,0,0
7900607242,120220920,2022-09-20T08:00:06.330Z,4090,449461700,-932791500,162,,0,14385,0
7900607244,120220920,2022-09-20T08:00:06.507Z,3965,449868800,-932088400,178,,0,0,0
7900607245,120220920,2022-09-20T08:00:06.927Z,5219,449873500,-932090400,178,,0,0,0
7900607246,120220920,2022-09-20T08:00:07.047Z,5389,449864500,-932089900,178,,0,0,0
7900607247,120220920,2022-09-20T08:00:07.087Z,4065,450774700,-933132100,166,12,1,873,0
7900607248,120220920,2022-09-20T08:00:07.843Z,3947,449854200,-932843000,182,208,1,2606,0
7900607249,120220920,2022-09-20T08:00:08.137Z,2531,450775300,-933113300,46,,0,27,0
7900607251,120220920,2022-09-20T08:00:08.667Z,5346,449648000,-930879000,164,,0,30,0
7900607252,120220920,2022-09-20T08:00:08.727Z,2508,449872700,-932088200,178,,0,0,0
7900607253,120220920,2022-09-20T08:00:09.173Z,2612,449384400,-930746800,162,340,50,1467,0
7900607254,120220920,2022-09-20T08:00:09.400Z,2506,449873400,-932088600,162,,0,0,0
7900607261,120220920,2022-09-20T08:00:11.147Z,2679,449643000,-930881300,46,,0,0,0
7900607262,120220920,2022-09-20T08:00:11.147Z,2497,449647000,-930883000,46,,0,21790,0
7900607264,120220920,2022-09-20T08:00:11.440Z,3880,449862100,-932838200,46,,0,0,0
7900607265,120220920,2022-09-20T08:00:11.553Z,3894,449641800,-930892900,46,,0,0,0
7900607266,120220920,2022-09-20T08:00:12.827Z,2504,449870800,-932089600,178,,0,0,0
7900607267,120220920,2022-09-20T08:00:14.023Z,6140,449869800,-932092200,162,,0,0,0
7900607268,120220920,2022-09-20T08:00:14.547Z,3965,449868800,-932088400,178,,0,0,0
7900607271,120220920,2022-09-20T08:00:14.973Z,2679,449643000,-930881300,46,,0,0,0
7900607272,120220920,2022-09-20T08:00:15.137Z,4065,450774600,-933131900,164,,0,873,0
7900607273,120220920,2022-09-20T08:00:15.910Z,3947,449855300,-932843700,182,332,1,2606,0
7900607274,120220920,2022-09-20T08:00:16.120Z,2531,450775300,-933113300,46,,0,27,0
7900607275,120220920,2022-09-20T08:00:16.427Z,5200,449870624,-932098438,166,,0,0,-60
7900607276,120220920,2022-09-20T08:00:16.627Z,5346,449648000,-930879000,164,,0,30,0
7900607277,120220920,2022-09-20T08:00:17.117Z,2612,449398600,-930754500,162,340,50,1479,0
7900637260,120220920,2022-09-20T09:41:16.440Z,3955,449453600,-932793700,164,,0,0,0
7900637261,120220920,2022-09-20T09:41:16.567Z,3837,450696100,-933195100,226,176,15,97,315
7900637262,120220920,2022-09-20T09:41:16.567Z,4091,449458200,-932789600,226,,0,0,450
7900637263,120220920,2022-09-20T09:41:16.730Z,3828,449841200,-932673200,228,,0,436,465
7900637264,120220920,2022-09-20T09:41:16.940Z,4085,449465900,-931320600,226,88,20,1080,105
7900637265,120220920,2022-09-20T09:41:16.963Z,4066,449994700,-932991700,226,,0,825,-60
7900637266,120220920,2022-09-20T09:41:17.013Z,2566,449499800,-932978300,226,,0,1247,-105
7900637267,120220920,2022-09-20T09:41:17.097Z,2072,449861200,-932848100,166,,0,0,0
7900637268,120220920,2022-09-20T09:41:17.207Z,4043,449967500,-932372200,226,180,25,1376,-105
7900637269,120220920,2022-09-20T09:41:17.763Z,3983,449650700,-930900300,244,196,45,76,-30
7900637270,120220920,2022-09-20T09:41:18.017Z,3997,449399800,-931396500,244,92,20,1289,-90
7900637271,120220920,2022-09-20T09:41:18.017Z,3813,449455400,-932782800,46,,0,451,0
7900637272,120220920,2022-09-20T09:41:18.017Z,2625,449518300,-931298400,226,272,60,337,-15
7900637273,120220920,2022-09-20T09:41:18.040Z,3721,450072500,-932570000,226,180,25,850,-135
7900637274,120220920,2022-09-20T09:41:18.110Z,3732,448121100,-932988600,228,184,1,1580,-90
7900637275,120220920,2022-09-20T09:41:18.273Z,3865,449447900,-930917100,228,144,5,986,-45
7900637276,120220920,2022-09-20T09:41:18.337Z,4099,449466200,-932702600,226,,0,521,-60
7900637277,120220920,2022-09-20T09:41:18.337Z,3982,449662400,-930882900,244,,0,19,435
7900637278,120220920,2022-09-20T09:41:18.373Z,3743,449613900,-932778000,226,0,20,1017,30
7900637279,120220920,2022-09-20T09:41:18.510Z,2338,449209800,-932204400,244,,0,2849,0
7900637281,120220920,2022-09-20T09:41:18.587Z,3803,448639200,-932423000,162,,0,14,0
7900637282,120220920,2022-09-20T09:41:18.657Z,2606,449435500,-933485000,226,236,45,390,45
7900637283,120220920,2022-09-20T09:41:18.703Z,3736,449651100,-932817200,164,72,50,219,0
7900637284,120220920,2022-09-20T09:41:18.740Z,3819,448880400,-933502800,162,180,45,1818,0
7900637285,120220920,2022-09-20T09:41:18.897Z,4186,450688934,-932695947,130,,0,65535,-60
7900637286,120220920,2022-09-20T09:41:18.907Z,4054,449912000,-933263900,226,,0,264,-75
7900637287,120220920,2022-09-20T09:41:18.917Z,4037,449773800,-931135600,226,88,35,1136,-90
7900637288,120220920,2022-09-20T09:41:19.003Z,5018,447773400,-933166100,46,,0,1,0
7900637289,120220920,2022-09-20T09:41:19.063Z,3859,450097100,-931266300,162,268,60,575,0
7900637290,120220920,2022-09-20T09:41:19.143Z,3815,450589800,-933108600,226,,0,2201,-1050
7900637291,120220920,2022-09-20T09:41:19.213Z,2506,449873000,-932088800,162,,0,0,0
7900637292,120220920,2022-09-20T09:41:19.383Z,2612,449395400,-931094300,226,228,15,4423,-45
7900637293,120220920,2022-09-20T09:41:19.577Z,2646,449201700,-931670100,226,356,10,1008,-225
7900637294,120220920,2022-09-20T09:41:19.597Z,2290,450055400,-931666900,231,176,20,1976,-540
7900637295,120220920,2022-09-20T09:41:19.747Z,2623,449656900,-930898200,162,192,40,70,0
7900637296,120220920,2022-09-20T09:41:19.823Z,3889,449631000,-930495800,228,268,20,2337,-30
7900637297,120220920,2022-09-20T09:41:19.843Z,2185,450042600,-933082800,244,,0,1332,-75
7900637298,120220920,2022-09-20T09:41:19.890Z,2662,448640900,-932432000,164,,0,0,0
7900637299,120220920,2022-09-20T09:41:20.013Z,3755,448764700,-932680600,226,,0,897,-225
7900637300,120220920,2022-09-20T09:41:20.060Z,3879,448626400,-932434900,162,,0,0,0
7900637301,120220920,2022-09-20T09:41:20.317Z,4032,449568600,-930257100,226,,0,720,30
7900637302,120220920,2022-09-20T09:41:20.320Z,3996,449650000,-930892000,180,,0,6,0
7900637303,120220920,2022-09-20T09:41:20.520Z,5019,449512700,-932737000,178,24,60,1519,0
7900637304,120220920,2022-09-20T09:41:20.567Z,3908,449619100,-932921300,226,,0,245,555
7900637305,120220920,2022-09-20T09:41:20.607Z,3749,449850400,-932822600,225,0,0,0,435
7900637306,120220920,2022-09-20T09:41:20.657Z,3941,448896100,-932781800,244,180,30,451,-210
7900637307,120220920,2022-09-20T09:41:20.713Z,2588,449572400,-932879300,226,,0,2008,45
7900637308,120220920,2022-09-20T09:41:20.763Z,2553,448622900,-932450800,226,268,50,90,120
7900637309,120220920,2022-09-20T09:41:20.800Z,3701,449640500,-930882800,161,16,0,0,0
7900637310,120220920,2022-09-20T09:41:20.810Z,5404,449842000,-932418300,242,28,50,1959,15
7900637311,120220920,2022-09-20T09:41:20.870Z,3703,449842100,-932828300,46,,0,0,0
7900637312,120220920,2022-09-20T09:41:20.880Z,4102,449763500,-932597700,226,32,25,294,60
7900637313,120220920,2022-09-20T09:41:21.027Z,2674,449905200,-932808400,226,160,5,110,0
7900637314,120220920,2022-09-20T09:41:21.123Z,2545,450775100,-933116400,162,,0,2622,0
7900637315,120220920,2022-09-20T09:41:21.160Z,4063,449958400,-932956700,226,,0,734,45
7900637316,120220920,2022-09-20T09:41:21.160Z,3860,450081800,-931053800,226,284,15,466,225
7900637317,120220920,2022-09-20T09:41:21.197Z,2601,449396400,-932779500,226,180,1,42,-315
7900637319,120220920,2022-09-20T09:41:21.557Z,5347,448914900,-930805200,244,0,10,1426,-90
7900637320,120220920,2022-09-20T09:41:21.577Z,2279,449521100,-932203300,226,0,15,795,-210
7900637321,120220920,2022-09-20T09:41:21.697Z,3864,449519700,-930682000,226,96,50,279,75
7900637322,120220920,2022-09-20T09:41:21.807Z,4147,450107200,-932823200,226,0,60,229,570
7900637323,120220920,2022-09-20T09:41:21.810Z,2549,449482600,-932983000,226,,0,1168,-165
7900637324,120220920,2022-09-20T09:41:21.873Z,4144,448539400,-932377400,226,,0,2211,-3585
7900637325,120220920,2022-09-20T09:41:21.903Z,2609,449342600,-932297400,226,,0,550,-45
7900637326,120220920,2022-09-20T09:41:22.080Z,3795,448726000,-932781300,226,,0,395,30
7900637327,120220920,2022-09-20T09:41:22.117Z,2622,449753300,-932527200,226,,0,1371,60
7900637328,120220920,2022-09-20T09:41:22.137Z,2552,448981300,-932271800,226,88,35,366,30
7900637329,120220920,2022-09-20T09:41:22.227Z,4159,452036500,-933497300,226,292,60,1381,330
7900637330,120220920,2022-09-20T09:41:22.267Z,4056,449780300,-932810300,162,184,35,79,0
7900637331,120220920,2022-09-20T09:41:22.267Z,3582,450134400,-932701500,226,184,1,1400,-75
7900637332,120220920,2022-09-20T09:41:22.330Z,2524,449839700,-932777900,226,44,20,31,135
7900637333,120220920,2022-09-20T09:41:22.393Z,2561,449894100,-932875300,226,24,30,70,180
7900637334,120220920,2022-09-20T09:41:22.477Z,3707,449775600,-930658000,226,,0,2050,-15
7900637335,120220920,2022-09-20T09:41:22.480Z,3797,449482100,-932626300,228,,0,971,-105
7900637336,120220920,2022-09-20T09:41:22.640Z,2084,449484100,-932087000,226,268,25,818,0
7900637337,120220920,2022-09-20T09:41:22.870Z,3980,449776900,-930837100,244,184,1,561,-495
7900637339,120220920,2022-09-20T09:41:22.947Z,2535,450932800,-933795300,226,,0,398,1155
7900637340,120220920,2022-09-20T09:41:23.050Z,2627,449638200,-930880400,166,28,1,3,0
7900637341,120220920,2022-09-20T09:41:23.100Z,3722,449492700,-932998500,164,272,30,144,0
7900637342,120220920,2022-09-20T09:41:23.137Z,2494,449500400,-930807300,226,236,25,1081,60
7900637343,120220920,2022-09-20T09:41:23.253Z,2335,449023900,-932746400,180,0,60,518,0
7900637344,120220920,2022-09-20T09:41:23.637Z,2629,449665900,-930906900,228,0,15,35,-225
7900637345,120220920,2022-09-20T09:41:23.697Z,5034,449872500,-932090000,178,,0,0,0
7900637346,120220920,2022-09-20T09:41:23.703Z,2281,449719100,-932719700,231,212,0,139,345
7900637347,120220920,2022-09-20T09:41:23.723Z,2511,449521300,-930965700,242,56,45,754,495
7900637348,120220920,2022-09-20T09:41:23.757Z,3758,450768400,-932634100,228,0,35,1095,60
7900637349,120220920,2022-09-20T09:41:23.917Z,2663,448600700,-932377900,226,180,35,73,180
7900637350,120220920,2022-09-20T09:41:23.927Z,3872,448600700,-932463900,242,268,30,202,15
7900637351,120220920,2022-09-20T09:41:23.997Z,2591,449899400,-932541700,226,244,20,1356,60
7900637352,120220920,2022-09-20T09:41:24.017Z,3715,449671400,-932742600,228,88,25,179,405
7900637353,120220920,2022-09-20T09:41:24.097Z,2683,448540700,-932386200,241,180,0,1487,0
7900637354,120220920,2022-09-20T09:41:24.123Z,2548,448769100,-933210600,226,,0,560,705
7900637355,120220920,2022-09-20T09:41:24.243Z,3858,449126800,-931669000,162,316,10,674,0
7900637356,120220920,2022-09-20T09:41:24.523Z,3955,449453800,-932793600,164,,0,0,0
7900637357,120220920,2022-09-20T09:41:24.620Z,4091,449458500,-932789400,226,,0,0,450
7900637358,120220920,2022-09-20T09:41:24.637Z,3895,449501700,-930878200,164,,0,182,0
7900637359,120220920,2022-09-20T09:41:24.667Z,4001,449493100,-933010100,244,268,30,149,30
7900637360,120220920,2022-09-20T09:41:24.860Z,3904,449473600,-932702400,162,,0,59,0
7900637361,120220920,2022-09-20T09:41:24.903Z,4066,449994800,-932991800,226,,0,825,-60
7900637362,120220920,2022-09-20T09:41:24.940Z,4085,449465900,-931309900,226,88,20,1085,105
7900637363,120220920,2022-09-20T09:41:24.977Z,2566,449499600,-932978400,226,,0,1247,-120
7900637364,120220920,2022-09-20T09:41:25.080Z,3796,448969300,-931790400,226,36,45,765,-75
7900637365,120220920,2022-09-20T09:41:25.237Z,4043,449957600,-932372200,226,180,30,1383,-90
7900637367,120220920,2022-09-20T09:41:25.587Z,3837,450694700,-933195000,226,,0,97,300
7900637368,120220920,2022-09-20T09:41:25.600Z,5392,449871500,-932088600,178,,0,12879,0
7900637369,120220920,2022-09-20T09:41:25.737Z,3828,449841200,-932673200,228,,0,436,450
7900637370,120220920,2022-09-20T09:41:25.780Z,3983,449635500,-930905400,244,192,45,87,-30
7900637371,120220920,2022-09-20T09:41:25.923Z,3997,449399700,-931386000,244,92,20,1294,-90
7900637372,120220920,2022-09-20T09:41:25.950Z,2498,449642600,-930883900,225,116,1,1,555
7900637373,120220920,2022-09-20T09:41:26.073Z,2625,449518500,-931326400,226,272,60,350,0
7900679212,120220920,2022-09-20T10:18:28.550Z,5019,450110700,-931688900,178,,0,2366,0
7900679213,120220920,2022-09-20T10:18:28.563Z,3955,448620100,-933288000,244,,0,842,90
7900679214,120220920,2022-09-20T10:18:28.587Z,2597,449050100,-933188100,226,0,20,879,-45
7900679215,120220920,2022-09-20T10:18:28.613Z,3983,448911800,-930805700,244,4,15,1438,30
7900679216,120220920,2022-09-20T10:18:28.627Z,2552,449284900,-932321200,226,0,25,997,120
7900679217,120220920,2022-09-20T10:18:28.630Z,3997,449533000,-930125500,244,,0,2048,0
7900679218,120220920,2022-09-20T10:18:28.767Z,2561,451453800,-931839300,226,,0,1793,0
7900679219,120220920,2022-09-20T10:18:28.767Z,4147,449905300,-932527100,226,244,25,1407,30
7900679220,120220920,2022-09-20T10:18:28.840Z,5213,450101100,-931986700,178,92,60,253,0
7900679221,120220920,2022-09-20T10:18:28.867Z,2684,449662500,-931262900,226,4,25,572,-15
7900679222,120220920,2022-09-20T10:18:28.867Z,2598,449487000,-932983200,226,176,20,153,-420
7900679223,120220920,2022-09-20T10:18:28.867Z,4053,450116800,-930513300,226,92,50,541,240
7900679224,120220920,2022-09-20T10:18:28.897Z,4041,449723800,-932718000,231,216,0,138,435
7900679225,120220920,2022-09-20T10:18:28.993Z,3872,448835100,-933096000,242,88,20,977,-30
7900679226,120220920,2022-09-20T10:18:29.017Z,3715,450406300,-932631300,241,172,5,1489,-45
7900679227,120220920,2022-09-20T10:18:29.020Z,2524,450347000,-932881000,226,0,25,640,15
7900679228,120220920,2022-09-20T10:18:29.053Z,2084,449500300,-932978000,226,,0,1272,180
7900679229,120220920,2022-09-20T10:18:29.080Z,2285,449342100,-932129300,226,,0,660,-75
7900679230,120220920,2022-09-20T10:18:29.090Z,2071,449739500,-934964700,226,316,60,1171,420
7900679231,120220920,2022-09-20T10:18:29.137Z,4071,450728200,-932955600,226,92,25,109,120
7900679232,120220920,2022-09-20T10:18:29.170Z,4159,451508700,-932971600,226,112,45,2543,0
7900679233,120220920,2022-09-20T10:18:29.180Z,3858,449269400,-931575500,230,88,20,1376,-240
7900679234,120220920,2022-09-20T10:18:29.253Z,2535,450602000,-933182100,226,124,10,980,75
7900679235,120220920,2022-09-20T10:18:29.307Z,2277,449414100,-932127100,226,352,5,691,15
7900679236,120220920,2022-09-20T10:18:29.400Z,2201,449843300,-932996000,244,92,30,1511,30
7900679237,120220920,2022-09-20T10:18:29.420Z,3982,449723600,-930659400,244,0,25,572,-105
7900679238,120220920,2022-09-20T10:18:29.433Z,2687,450124200,-931677200,226,8,15,833,-15
7900679239,120220920,2022-09-20T10:18:29.443Z,2642,448941800,-931914500,226,304,50,468,240
7900679240,120220920,2022-09-20T10:18:29.463Z,4178,449451300,-932788800,164,280,1,0,0
7900679241,120220920,2022-09-20T10:18:29.467Z,2652,451072600,-934643700,169,300,60,898,0
7900679242,120220920,2022-09-20T10:18:29.480Z,2338,450125600,-931685000,244,,0,3837,0
7900679243,120220920,2022-09-20T10:18:29.600Z,4063,449388700,-932676200,226,176,20,1234,-135
7900679244,120220920,2022-09-20T10:18:29.663Z,3895,449555000,-931568600,241,0,0,719,-210
7900679245,120220920,2022-09-20T10:18:29.663Z,2494,449458200,-930150600,226,180,20,1703,0
7900679246,120220920,2022-09-20T10:18:29.693Z,2181,450130900,-933081700,244,0,1,736,-270
7900679247,120220920,2022-09-20T10:18:29.693Z,3956,449459100,-932790200,180,,0,18,0
7900679248,120220920,2022-09-20T10:18:29.767Z,2633,449638300,-930877300,171,84,0,0,0
7900679249,120220920,2022-09-20T10:18:29.923Z,2511,449322300,-930135400,242,52,10,2085,0
7900679250,120220920,2022-09-20T10:18:29.960Z,3758,450644200,-932534400,241,92,30,1931,-300
7900679251,120220920,2022-09-20T10:18:29.977Z,2629,449785600,-930254000,226,180,25,1515,-105
7900679252,120220920,2022-09-20T10:18:30.073Z,2281,449846200,-931335700,226,92,20,959,15
7900679253,120220920,2022-09-20T10:18:30.100Z,2605,449735800,-932183800,226,296,15,594,-30
7900679254,120220920,2022-09-20T10:18:30.120Z,2663,448418100,-932446300,226,352,20,2129,-15
7900679255,120220920,2022-09-20T10:18:30.207Z,2498,448987800,-931010800,226,0,20,796,-15
7900679256,120220920,2022-09-20T10:18:30.253Z,3854,449522900,-930870900,230,124,40,173,450
7900679257,120220920,2022-09-20T10:18:30.267Z,4166,449860500,-932874500,46,,0,0,0
7900679258,120220920,2022-09-20T10:18:30.277Z,4067,450197900,-932880400,226,180,20,600,-30
7900679259,120220920,2022-09-20T10:18:30.293Z,5388,449868800,-932088500,178,,0,27956,0
7900679260,120220920,2022-09-20T10:18:30.387Z,3958,449460100,-932781400,166,,0,0,0
7900679261,120220920,2022-09-20T10:18:30.393Z,3866,449567500,-930630500,241,268,25,934,-45
7900679262,120220920,2022-09-20T10:18:30.397Z,2548,449607200,-932928100,226,28,15,1352,-60
7900679263,120220920,2022-09-20T10:18:30.500Z,2080,449644800,-932414100,226,272,60,872,0
7900679264,120220920,2022-09-20T10:18:30.513Z,5399,448555900,-932357800,242,,0,1015,195
7900679265,120220920,2022-09-20T10:18:30.570Z,3744,451151300,-932585100,241,92,15,1270,-165
7900679266,120220920,2022-09-20T10:18:30.677Z,2589,449811700,-932667300,226,120,15,106,255
7900679267,120220920,2022-09-20T10:18:30.713Z,4045,449852600,-932838800,235,116,1,2,1050
7900679268,120220920,2022-09-20T10:18:30.773Z,2185,449714500,-932612000,244,,0,1786,0
7900679269,120220920,2022-09-20T10:18:30.777Z,3828,449427100,-932983900,241,176,1,815,-45
7900679270,120220920,2022-09-20T10:18:30.820Z,2677,449899400,-930951500,226,92,10,389,-30
7900679271,120220920,2022-09-20T10:18:30.830Z,4091,448571600,-932989100,226,,0,792,150
7900679272,120220920,2022-09-20T10:18:30.887Z,5251,448907600,-934593200,162,,0,0,0
7900679273,120220920,2022-09-20T10:18:30.893Z,3837,449866800,-932874200,230,132,20,823,30
7900679274,120220920,2022-09-20T10:18:31.067Z,4085,449464000,-930949200,226,236,5,1475,-15
7900679275,120220920,2022-09-20T10:18:31.143Z,3728,449050300,-932780900,241,0,5,1566,-45
7900679276,120220920,2022-09-20T10:18:31.173Z,3996,449598500,-930822200,244,232,25,994,-45
7900679277,120220920,2022-09-20T10:18:31.203Z,3796,449459400,-930961900,230,236,10,1497,-180
7900679278,120220920,2022-09-20T10:18:31.230Z,3942,449199900,-932779000,244,,0,209,675
7900679279,120220920,2022-09-20T10:18:31.247Z,2116,449706000,-932023300,178,180,60,212,0
7900679280,120220920,2022-09-20T10:18:31.253Z,4066,449395200,-932524500,226,180,25,1428,-30
7900679281,120220920,2022-09-20T10:18:31.297Z,3671,450137300,-932191700,226,24,30,742,270
7900679282,120220920,2022-09-20T10:18:31.333Z,2276,449034000,-934040600,226,,0,1012,450
7900679283,120220920,2022-09-20T10:18:31.413Z,2515,449869400,-932089600,178,,0,0,0
7900679284,120220920,2022-09-20T10:18:31.433Z,3941,448155300,-932919600,212,304,1,1010,0
7900679285,120220920,2022-09-20T10:18:31.503Z,2591,449720000,-932710400,231,168,0,1570,195
7900679286,120220920,2022-09-20T10:18:31.593Z,2566,449519000,-931669100,226,0,1,1937,15
7900679287,120220920,2022-09-20T10:18:31.633Z,2638,450912800,-934370400,228,,0,724,150
7900679288,120220920,2022-09-20T10:18:31.787Z,2556,449197300,-932227800,226,80,5,581,240
7900679289,120220920,2022-09-20T10:18:31.817Z,4043,449432700,-932882100,226,188,15,1965,-180
7900679290,120220920,2022-09-20T10:18:31.827Z,3789,449855000,-932852500,241,316,0,34,-45
7900679291,120220920,2022-09-20T10:18:31.867Z,3931,449733200,-935156200,226,,0,1294,120
7900679292,120220920,2022-09-20T10:18:31.920Z,2557,449385700,-932524000,226,0,15,696,0
7900679293,120220920,2022-09-20T10:18:31.937Z,5350,449635400,-930881300,177,24,0,0,0
7900679294,120220920,2022-09-20T10:18:32.047Z,2075,449838400,-932784100,226,,0,32,525
7900679295,120220920,2022-09-20T10:18:32.127Z,5017,447899100,-932886200,178,0,60,320,0
7900679296,120220920,2022-09-20T10:18:32.130Z,3732,449547700,-932778200,241,0,0,2701,-15
7900679297,120220920,2022-09-20T10:18:32.283Z,3721,449501700,-932983400,230,176,1,1410,30
7900679298,120220920,2022-09-20T10:18:32.283Z,2625,449436600,-931059700,226,44,25,1465,-120
7900679299,120220920,2022-09-20T10:18:32.283Z,4095,449502500,-932962000,226,272,10,128,-45
7900679300,120220920,2022-09-20T10:18:32.283Z,4010,450188200,-932725400,180,356,30,799,0
7900679301,120220920,2022-09-20T10:18:32.373Z,4149,448539600,-932378600,226,,0,1454,-4155
7900679302,120220920,2022-09-20T10:18:32.480Z,3743,449580000,-932778800,241,180,20,1422,-120
7900679303,120220920,2022-09-20T10:18:32.530Z,2274,449596400,-933708800,226,64,15,1549,-30
7900679304,120220920,2022-09-20T10:18:32.577Z,4082,450205600,-933438300,226,272,25,598,0
7900679305,120220920,2022-09-20T10:18:32.593Z,5347,449900000,-930948600,244,272,10,2339,-210
7900679306,120220920,2022-09-20T10:18:32.620Z,2621,449502100,-930878200,162,144,1,181,0
7900679307,120220920,2022-09-20T10:18:32.620Z,2385,449715800,-932675900,180,32,20,1008,0
7900679308,120220920,2022-09-20T10:18:32.633Z,5018,449169400,-931847800,242,,0,1697,-105
7900679309,120220920,2022-09-20T10:18:32.637Z,4030,450594800,-933187600,226,,0,888,30
7900679310,120220920,2022-09-20T10:18:32.670Z,2581,448911400,-932528800,226,4,25,277,-30
7900679311,120220920,2022-09-20T10:18:32.733Z,3736,448738700,-932240800,225,0,0,1587,0
7900679312,120220920,2022-09-20T10:18:32.853Z,2493,448892000,-930664000,226,176,60,652,360
7900679313,120220920,2022-09-20T10:18:32.880Z,2204,450594100,-933189000,244,,0,889,330
7900679314,120220920,2022-09-20T10:18:32.913Z,2118,449778800,-932101300,242,120,25,589,-60
7900679315,120220920,2022-09-20T10:18:32.920Z,2110,450691800,-932754400,178,276,70,1065,0
7900679316,120220920,2022-09-20T10:18:32.947Z,4099,450204100,-932701700,226,356,1,1143,30
7900679317,120220920,2022-09-20T10:18:33.020Z,4022,447788900,-933202200,146,,0,0,0
7900679318,120220920,2022-09-20T10:18:33.053Z,2519,448983200,-932157600,162,88,60,1101,0
7900679319,120220920,2022-09-20T10:18:33.107Z,2606,449409300,-933284200,226,40,35,1701,15
7900679320,120220920,2022-09-20T10:18:33.110Z,2500,449650400,-930880200,225,48,5,15,-330
7900679321,120220920,2022-09-20T10:18:33.153Z,3859,449384500,-931213200,230,,0,1640,-90
7900679322,120220920,2022-09-20T10:18:33.153Z,3709,449494700,-933552000,230,272,35,508,-45
7900679323,120220920,2022-09-20T10:18:33.167Z,4054,449605600,-932330300,226,180,25,889,30
7900679324,120220920,2022-09-20T10:18:33.200Z,4037,449686900,-931161100,226,0,30,1697,30
7900679325,120220920,2022-09-20T10:18:33.240Z,3815,449609000,-932460200,225,0,0,3171,-300
7900706572,120220920,2022-09-20T10:34:52.507Z,2567,450032500,-932824100,226,0,60,2747,195
7900706573,120220920,2022-09-20T10:34:52.520Z,2185,449844100,-932837600,242,,0,1958,0
7900706574,120220920,2022-09-20T10:34:52.567Z,2674,449502400,-931005000,226,144,20,1330,-105
7900706575,120220920,2022-09-20T10:34:52.623Z,2601,449504200,-932972200,226,,0,1588,-690
7900706576,120220920,2022-09-20T10:34:52.623Z,4092,449219400,-933290800,226,,0,1472,-165
7900706577,120220920,2022-09-20T10:34:52.627Z,2528,450875300,-933308800,226,,0,164,195
7900706578,120220920,2022-09-20T10:34:52.650Z,4042,449661500,-930907300,226,320,5,30,165
7900706579,120220920,2022-09-20T10:34:52.750Z,3744,450436000,-932473500,228,196,20,1878,-60
7900706580,120220920,2022-09-20T10:34:52.757Z,3828,448821800,-933217200,228,180,10,1325,-45
7900706581,120220920,2022-09-20T10:34:52.847Z,3942,449197900,-932651800,244,32,10,317,-105
7900706582,120220920,2022-09-20T10:34:52.847Z,2656,450919500,-934374400,169,96,0,746,0
7900706583,120220920,2022-09-20T10:34:52.887Z,2227,448633200,-932432000,164,,0,0,0
7900706584,120220920,2022-09-20T10:34:52.947Z,3996,449458000,-931042000,244,,1,1176,0
7900706585,120220920,2022-09-20T10:34:52.970Z,2110,450729100,-933598700,242,272,20,1747,-255
7900706586,120220920,2022-09-20T10:34:52.997Z,2279,449708800,-933730200,226,,0,1938,0
7900706587,120220920,2022-09-20T10:34:52.997Z,3941,448402900,-932783600,210,0,5,1243,-120
7900706588,120220920,2022-09-20T10:34:53.007Z,3872,448616100,-932580400,242,180,20,1465,-75
7900706589,120220920,2022-09-20T10:34:53.010Z,2632,451159500,-932638900,226,180,40,1234,-135
7900706590,120220920,2022-09-20T10:34:53.020Z,2585,449662000,-932625600,226,0,25,979,30
7900706591,120220920,2022-09-20T10:34:53.047Z,4144,448539100,-932378000,226,,0,2758,0
7900706592,120220920,2022-09-20T10:34:53.047Z,3837,449710600,-932624900,230,208,5,993,-105
7900706593,120220920,2022-09-20T10:34:53.133Z,3728,449590700,-932777800,228,,0,1948,0
7900706594,120220920,2022-09-20T10:34:53.153Z,4133,449651147,-930884690,130,,0,65535,-60
7900706595,120220920,2022-09-20T10:34:53.157Z,5402,448821000,-933221900,178,,0,1223,0
7900706596,120220920,2022-09-20T10:34:53.190Z,5017,448249600,-933485400,178,,0,866,0
7900706597,120220920,2022-09-20T10:34:53.207Z,3671,450357600,-932293300,226,240,1,1022,-60
7900706598,120220920,2022-09-20T10:34:53.263Z,2609,449500100,-932983100,226,,0,1491,0
7900706599,120220920,2022-09-20T10:34:53.300Z,2695,449594100,-931060200,226,184,15,2095,75
7900706600,120220920,2022-09-20T10:34:53.347Z,3922,448566600,-932988100,162,,0,456,0
7900706601,120220920,2022-09-20T10:34:53.367Z,2549,449728200,-932181900,226,,0,1772,0
7900706602,120220920,2022-09-20T10:34:53.427Z,2526,449852500,-932818000,110,,0,1005,-180
7900706603,120220920,2022-09-20T10:34:53.507Z,3743,448957600,-932781800,228,184,1,1864,-150
7900706604,120220920,2022-09-20T10:34:53.543Z,4056,449772600,-932686600,226,132,20,1469,45
7900706605,120220920,2022-09-20T10:34:53.567Z,3796,449007400,-931728600,226,236,25,1995,-210
7900706606,120220920,2022-09-20T10:34:53.607Z,2597,449612200,-932924900,226,28,20,1341,-75
7900706607,120220920,2022-09-20T10:34:53.633Z,2561,450113300,-931885000,226,212,50,2766,225
7900706608,120220920,2022-09-20T10:34:53.637Z,2552,449446300,-932473400,226,,0,1216,0
7900706609,120220920,2022-09-20T10:34:53.667Z,5215,449867500,-932088600,178,,0,3,0
7900706610,120220920,2022-09-20T10:34:53.743Z,3931,449683900,-934337200,226,188,10,1787,-45
7900706611,120220920,2022-09-20T10:34:53.743Z,5387,450076700,-932038500,178,32,45,214,0
7900706612,120220920,2022-09-20T10:34:53.743Z,2684,450101500,-931664200,226,0,40,1116,-135
7900706613,120220920,2022-09-20T10:34:53.747Z,2491,449533100,-930125200,226,,0,587,75
7900706614,120220920,2022-09-20T10:34:53.753Z,4010,450230200,-932716500,180,,0,844,0
7900706615,120220920,2022-09-20T10:34:53.817Z,2598,449341100,-932475400,226,,0,596,-540
7900706616,120220920,2022-09-20T10:34:53.817Z,2672,449852100,-932829500,161,92,0,3,0
7900706617,120220920,2022-09-20T10:34:53.947Z,5395,448204800,-932240600,242,336,60,710,675
7900706618,120220920,2022-09-20T10:34:53.957Z,4053,450115500,-930170600,226,88,40,1031,-30
7900706619,120220920,2022-09-20T10:34:54.030Z,4041,449806500,-932695000,226,12,5,216,-60
7900706620,120220920,2022-09-20T10:34:54.053Z,2071,449374700,-936643100,226,,0,2182,555
7900706621,120220920,2022-09-20T10:34:54.093Z,4071,451422100,-932853300,226,,0,701,0
7900706622,120220920,2022-09-20T10:34:54.097Z,2524,450596600,-933190700,226,,0,966,-255
7900706623,120220920,2022-09-20T10:34:54.097Z,2084,449483500,-932972000,226,,0,1291,-75
7900706624,120220920,2022-09-20T10:34:54.100Z,2285,449341000,-932283700,226,,0,924,-15
7900706625,120220920,2022-09-20T10:34:54.110Z,3732,449803100,-932692600,241,32,10,2889,-180
7900706626,120220920,2022-09-20T10:34:54.120Z,3958,449591600,-932904600,244,268,25,179,405
7900706627,120220920,2022-09-20T10:34:54.127Z,2488,449637100,-930888500,161,24,0,0,0
7900706628,120220920,2022-09-20T10:34:54.163Z,4055,449488200,-930865900,162,140,15,240,0
7900706629,120220920,2022-09-20T10:34:54.200Z,5347,450066500,-931030600,242,,0,2517,-900
7900706630,120220920,2022-09-20T10:34:54.240Z,2535,450665700,-933190700,226,356,35,1050,-30
7900706631,120220920,2022-09-20T10:34:54.287Z,4159,450118300,-932828100,226,180,60,3730,165
7900706632,120220920,2022-09-20T10:34:54.313Z,3721,449353400,-933858400,226,168,20,1973,90
7900706633,120220920,2022-09-20T10:34:54.360Z,2385,449734500,-932735400,244,204,25,1168,-105
7900706634,120220920,2022-09-20T10:34:54.397Z,3876,449673700,-930854100,110,,0,2,315
7900706635,120220920,2022-09-20T10:34:54.403Z,2277,449702800,-932649800,226,28,20,1135,90
7900706636,120220920,2022-09-20T10:34:54.477Z,5403,449784000,-931905500,242,,0,2845,-30
7900706637,120220920,2022-09-20T10:34:54.480Z,3950,448638500,-932436600,171,200,0,0,0
7900706638,120220920,2022-09-20T10:34:54.493Z,3789,450940500,-932633400,228,,0,915,75
7900706639,120220920,2022-09-20T10:34:54.563Z,5032,450588100,-933076600,242,64,10,1492,-45
7900706640,120220920,2022-09-20T10:34:54.600Z,2204,450169200,-933082700,242,,0,1243,30
7900706641,120220920,2022-09-20T10:34:54.603Z,2687,449741200,-931264400,226,180,20,1378,-120
7900706642,120220920,2022-09-20T10:34:54.627Z,3736,448736800,-932238700,225,0,0,1588,0
7900706643,120220920,2022-09-20T10:34:54.747Z,2652,451321900,-934769400,169,48,0,0,0
7900706644,120220920,2022-09-20T10:34:54.787Z,2069,449844100,-932852700,226,,0,33,-240
7900706645,120220920,2022-09-20T10:34:54.800Z,3813,449456300,-932789700,161,0,0,0,0
7900706646,120220920,2022-09-20T10:34:55.153Z,4162,450745300,-932872900,162,,0,152,0
7900706647,120220920,2022-09-20T10:34:55.153Z,2642,449197000,-932087500,226,88,20,789,-240
7900706648,120220920,2022-09-20T10:34:55.153Z,2663,448470500,-932477000,226,176,50,2388,-75
7900706649,120220920,2022-09-20T10:34:55.153Z,5404,449177000,-931847800,242,,0,3487,0
7900706650,120220920,2022-09-20T10:34:55.153Z,4063,448675500,-932681500,226,180,20,1771,-150
7900706651,120220920,2022-09-20T10:34:55.153Z,2629,449516600,-930871600,226,228,5,1989,45
7900706652,120220920,2022-09-20T10:34:55.157Z,3709,449372300,-933913800,228,,0,789,0
7900706653,120220920,2022-09-20T10:34:55.157Z,2281,449732100,-930660200,226,180,25,1468,15
7900706654,120220920,2022-09-20T10:34:55.157Z,2494,449483200,-930913000,226,244,5,2202,75
7900706655,120220920,2022-09-20T10:34:55.157Z,3859,449384500,-931213200,228,,0,1640,-1080
7900706656,120220920,2022-09-20T10:34:55.220Z,2605,449780900,-932713400,226,208,5,936,15
7900706657,120220920,2022-09-20T10:34:55.237Z,3984,449659100,-932028500,242,,0,812,-195
7900706658,120220920,2022-09-20T10:34:55.247Z,3714,449502300,-932983800,241,180,0,214,120
7900706659,120220920,2022-09-20T10:34:55.280Z,2633,449473600,-930847900,226,,0,221,90
7900706660,120220920,2022-09-20T10:34:55.280Z,3815,449047600,-932323500,228,180,25,3667,-195
7900706661,120220920,2022-09-20T10:34:55.350Z,4067,449763200,-932733500,226,,0,937,-45
7900706662,120220920,2022-09-20T10:34:55.350Z,2498,449464500,-930911600,226,,0,1219,0
7900706663,120220920,2022-09-20T10:34:55.410Z,5034,449987200,-932373700,242,,0,1777,0
7900706664,120220920,2022-09-20T10:34:55.417Z,3865,450279100,-931029300,228,,0,1638,0
7900706665,120220920,2022-09-20T10:34:55.470Z,2548,449841600,-932659500,226,40,10,1598,-75
7900706666,120220920,2022-09-20T10:34:55.487Z,4182,449859400,-932850500,148,,0,25903,0
7900706667,120220920,2022-09-20T10:34:55.503Z,2132,448248600,-932906800,242,,0,573,-195
7900706668,120220920,2022-09-20T10:34:55.547Z,5399,448263400,-932699500,242,268,25,1348,-165
7900706669,120220920,2022-09-20T10:34:55.613Z,5019,450126800,-931682100,178,,0,2381,0
7900706670,120220920,2022-09-20T10:34:55.693Z,2589,449725800,-932755300,226,208,15,244,-60
7900706671,120220920,2022-09-20T10:34:55.727Z,3980,448733900,-930293100,244,,0,1742,-555
7900706672,120220920,2022-09-20T10:34:55.860Z,5394,447786000,-933172800,178,,0,22,0
7900706673,120220920,2022-09-20T10:34:55.867Z,4072,450771500,-933111500,226,,0,0,360
7900706674,120220920,2022-09-20T10:34:55.897Z,3879,449012700,-932630100,164,,0,504,0
7900706675,120220920,2022-09-20T10:34:55.900Z,3940,451268900,-932650400,244,,0,1154,-1860
7900706676,120220920,2022-09-20T10:34:55.900Z,4045,449877800,-932769600,162,316,20,58,0
7900706677,120220920,2022-09-20T10:34:55.907Z,4091,449123600,-933011900,226,,0,1258,15
7900706678,120220920,2022-09-20T10:34:55.910Z,2677,449493800,-930926500,226,136,1,832,-45
7900706679,120220920,2022-09-20T10:34:55.937Z,5213,450814100,-931882900,242,180,25,1036,0
7900706680,120220920,2022-09-20T10:34:55.993Z,3861,449459800,-931017800,230,,0,321,-750
7900706681,120220920,2022-09-20T10:34:56.037Z,3751,449714000,-932715700,241,144,10,152,315
7900706682,120220920,2022-09-20T10:34:56.067Z,2335,447761200,-932788900,242,,0,2833,0
7900706683,120220920,2022-09-20T10:34:56.107Z,4085,449557600,-931662300,226,268,10,1916,165
7900706684,120220920,2022-09-20T10:34:56.200Z,2698,449635700,-930882800,177,16,0,0,0
7900706685,120220920,2022-09-20T10:34:56.243Z,3755,449463000,-932626500,228,,0,2035,-45
7900742140,120220920,2022-09-20T10:52:51.987Z,3715,449556300,-932728100,228,180,1,2225,15
7900742141,120220920,2022-09-20T10:52:51.993Z,4058,449467900,-931036400,162,,0,250,0
7900742142,120220920,2022-09-20T10:52:52.073Z,4021,447704000,-932886800,178,184,45,228,0
7900742143,120220920,2022-09-20T10:52:52.430Z,4157,450771600,-933111700,228,,0,0,420
7900742144,120220920,2022-09-20T10:52:52.430Z,2495,449270100,-931279100,241,228,0,1536,120
7900742145,120220920,2022-09-20T10:52:52.430Z,3858,449667000,-930296700,228,88,25,2135,-210
7900742146,120220920,2022-09-20T10:52:52.430Z,4039,450298900,-933395300,226,,0,1055,0
7900742147,120220920,2022-09-20T10:52:52.430Z,2646,449178800,-931874800,226,88,10,2839,-255
7900742148,120220920,2022-09-20T10:52:52.430Z,2520,450299300,-933393100,162,212,5,859,0
7900742149,120220920,2022-09-20T10:52:52.430Z,4148,448153800,-932936100,162,,0,806,0
7900742150,120220920,2022-09-20T10:52:52.430Z,2488,449481500,-930833000,226,200,10,260,480
7900742151,120220920,2022-09-20T10:52:52.433Z,2534,449049600,-932028900,226,352,20,2054,-3390
7900742152,120220920,2022-09-20T10:52:52.447Z,5034,449874900,-932034300,242,292,15,2179,-165
7900742153,120220920,2022-09-20T10:52:52.470Z,2290,450125800,-931687300,233,224,0,3843,0
7900742154,120220920,2022-09-20T10:52:52.510Z,5403,449170500,-931853500,242,92,15,3385,-15
7900742155,120220920,2022-09-20T10:52:52.517Z,2622,449476000,-930936400,226,72,5,2937,105
7900742156,120220920,2022-09-20T10:52:52.527Z,3814,450957600,-933990800,226,180,10,871,-45
7900742157,120220920,2022-09-20T10:52:52.597Z,5399,448288900,-933330500,242,,0,1706,0
7900742158,120220920,2022-09-20T10:52:52.600Z,2683,449392100,-931098900,226,228,30,2948,-195
7900742159,120220920,2022-09-20T10:52:52.647Z,3869,449580600,-930915300,226,,0,124,-225
7900742160,120220920,2022-09-20T10:52:52.650Z,4160,449524000,-930364400,226,96,50,462,480
7900742161,120220920,2022-09-20T10:52:52.687Z,3947,449813600,-932749200,244,,0,55,180
7900742162,120220920,2022-09-20T10:52:52.717Z,5368,447785700,-933574100,242,260,40,193,-390
7900742163,120220920,2022-09-20T10:52:52.733Z,3895,449500200,-932977200,241,0,0,1478,270
7900742164,120220920,2022-09-20T10:52:52.760Z,2588,450401400,-932185200,226,,0,2899,0
7900742165,120220920,2022-09-20T10:52:52.770Z,4079,450945600,-933753700,226,272,25,374,375
7900742166,120220920,2022-09-20T10:52:52.770Z,3711,450146400,-933711800,226,272,20,1902,-120
7900742167,120220920,2022-09-20T10:52:52.810Z,2627,449567900,-930500700,226,92,25,1775,30
7900742168,120220920,2022-09-20T10:52:52.833Z,4010,449843100,-932661500,244,224,25,1162,45
7900742169,120220920,2022-09-20T10:52:52.833Z,2487,449461800,-931033100,168,,0,256,0
7900742170,120220920,2022-09-20T10:52:52.837Z,2292,449560600,-931671100,233,180,0,2184,-180
7900742171,120220920,2022-09-20T10:52:52.920Z,4069,450935200,-933793300,226,,0,408,75
7900742172,120220920,2022-09-20T10:52:52.963Z,5213,450368300,-932183300,242,0,35,1541,-90
7900742173,120220920,2022-09-20T10:52:52.990Z,5038,451296600,-932664800,242,204,25,1349,405
7900742174,120220920,2022-09-20T10:52:52.990Z,2493,448913900,-930343200,226,352,20,1725,-75
7900742175,120220920,2022-09-20T10:52:53.027Z,3872,448750600,-932529400,242,0,10,1883,-90
7900742176,120220920,2022-09-20T10:52:53.027Z,2623,449484500,-931674400,162,88,5,630,0
7900742177,120220920,2022-09-20T10:52:53.060Z,2675,450191900,-932281600,226,180,5,2439,60
7900742178,120220920,2022-09-20T10:52:53.073Z,2553,450173000,-932370900,226,0,25,1907,-195
7900742179,120220920,2022-09-20T10:52:53.093Z,2667,449590000,-932626200,226,,0,1306,-270
7900742180,120220920,2022-09-20T10:52:53.140Z,4133,449484273,-930834946,14,,0,65535,-60
7900742181,120220920,2022-09-20T10:52:53.157Z,3958,449626300,-932670800,244,,0,406,-60
7900742182,120220920,2022-09-20T10:52:53.160Z,2080,449696400,-932526500,226,144,35,1254,-90
7900742183,120220920,2022-09-20T10:52:53.170Z,2618,449089100,-932228200,226,,0,1565,-1320
7900742184,120220920,2022-09-20T10:52:53.180Z,5204,449978254,-934465951,226,,0,1469,780
7900742185,120220920,2022-09-20T10:52:53.187Z,3854,448764200,-930694100,226,268,25,1192,-150
7900742186,120220920,2022-09-20T10:52:53.207Z,5347,449934400,-931059300,244,180,30,2623,-15
7900742187,120220920,2022-09-20T10:52:53.213Z,2628,449536800,-930915400,226,84,40,174,390
7900742188,120220920,2022-09-20T10:52:53.227Z,2068,449852400,-932838800,235,92,0,0,15
7900742189,120220920,2022-09-20T10:52:53.360Z,2204,449763100,-932733000,244,,0,1717,-105
7900742190,120220920,2022-09-20T10:52:53.363Z,3951,448598700,-932592800,244,,0,147,-15
7900742191,120220920,2022-09-20T10:52:53.387Z,2385,448475600,-932983000,244,180,60,2188,-60
7900742192,120220920,2022-09-20T10:52:53.390Z,2116,449542000,-929847200,242,180,30,1469,-150
7900742193,120220920,2022-09-20T10:52:53.390Z,3866,449637000,-931966200,228,300,25,1811,-165
7900742194,120220920,2022-09-20T10:52:53.420Z,4032,449400600,-931767400,226,,0,2171,15
7900742195,120220920,2022-09-20T10:52:53.447Z,4102,449066800,-932883300,226,,0,2127,75
7900742196,120220920,2022-09-20T10:52:53.457Z,5126,448691800,-933599100,242,112,5,1380,-45
7900742197,120220920,2022-09-20T10:52:53.527Z,2567,450919900,-934373700,226,,0,3990,1095
7900742198,120220920,2022-09-20T10:52:53.530Z,2546,450620700,-932862700,226,12,60,1592,30
7900742199,120220920,2022-09-20T10:52:53.560Z,2185,450483900,-933211500,244,348,35,2595,-120
7900742200,120220920,2022-09-20T10:52:53.563Z,4006,449446900,-932783100,180,,0,11,0
7900742201,120220920,2022-09-20T10:52:53.573Z,5131,448545900,-932378500,242,204,5,488,-285
7900742202,120220920,2022-09-20T10:52:53.607Z,2601,449483400,-932971300,226,,0,1608,-120
7900742203,120220920,2022-09-20T10:52:53.627Z,3758,449725000,-932719400,225,76,0,2722,0
7900742204,120220920,2022-09-20T10:52:53.650Z,2674,449453200,-930901100,226,236,20,1518,-30
7900742205,120220920,2022-09-20T10:52:53.660Z,5215,449867500,-932088700,178,,0,3,0
7900742206,120220920,2022-09-20T10:52:53.700Z,3878,450596100,-931063100,228,0,45,737,210
7900742207,120220920,2022-09-20T10:52:53.710Z,4092,449667100,-932880700,226,0,20,1921,-165
7900742208,120220920,2022-09-20T10:52:53.733Z,4042,449678300,-932064800,226,,0,786,300
7900742209,120220920,2022-09-20T10:52:53.763Z,5364,448244400,-933433900,242,268,35,1203,0
7900742210,120220920,2022-09-20T10:52:53.857Z,3744,449790300,-932705000,241,0,0,2377,75
7900742211,120220920,2022-09-20T10:52:53.877Z,2656,450914100,-934369700,233,284,0,758,0
7900742212,120220920,2022-09-20T10:52:53.893Z,3828,448598900,-933524900,226,,0,1824,0
7900742213,120220920,2022-09-20T10:52:53.947Z,2528,450944200,-933063000,226,92,25,683,15
7900742214,120220920,2022-09-20T10:52:54Z,2536,449921000,-932955900,226,,0,761,15
7900742215,120220920,2022-09-20T10:52:54.067Z,3837,449269500,-932631200,226,88,15,1342,0
7900742216,120220920,2022-09-20T10:52:54.093Z,2134,447731900,-932989100,242,72,50,127,30
7900742217,120220920,2022-09-20T10:52:54.140Z,3683,450628100,-933192000,228,180,30,150,315
7900742218,120220920,2022-09-20T10:52:54.140Z,3984,449398900,-931263000,244,92,20,1354,-165
7900742219,120220920,2022-09-20T10:52:54.160Z,4144,448734800,-932238500,228,,0,3063,0
7900742220,120220920,2022-09-20T10:52:54.180Z,2540,451069800,-933917400,226,24,50,726,435
7900742221,120220920,2022-09-20T10:52:54.180Z,4005,449325500,-932779400,244,184,20,96,150
7900742222,120220920,2022-09-20T10:52:54.183Z,2279,449684600,-933461100,226,84,20,2193,-135
7900742223,120220920,2022-09-20T10:52:54.197Z,5401,448551400,-933087000,242,0,30,1181,-375
7900742224,120220920,2022-09-20T10:52:54.223Z,3728,449783700,-932629100,110,,0,2156,0
7900742225,120220920,2022-09-20T10:52:54.233Z,3796,448542500,-932385900,225,184,0,2659,0
7900742226,120220920,2022-09-20T10:52:54.247Z,3671,449897700,-932460300,226,300,20,1441,-195
7900742227,120220920,2022-09-20T10:52:54.277Z,3922,448566600,-932988100,162,,0,456,0
7900742228,120220920,2022-09-20T10:52:54.317Z,2537,450779700,-933118300,226,264,30,22,30
7900742229,120220920,2022-09-20T10:52:54.367Z,2609,449341600,-932407300,226,92,30,1979,30
7900742230,120220920,2022-09-20T10:52:54.387Z,4182,449859400,-932850500,148,,0,26539,0
7900742231,120220920,2022-09-20T10:52:54.427Z,2585,450106400,-932943300,226,0,25,1363,0
7900742232,120220920,2022-09-20T10:52:54.537Z,2695,449258800,-931018900,226,180,20,2470,105
7900742233,120220920,2022-09-20T10:52:54.583Z,4135,449853400,-930887700,226,0,50,185,120
7900742234,120220920,2022-09-20T10:52:54.583Z,4074,449806800,-932798000,226,168,15,878,-180
7900742235,120220920,2022-09-20T10:52:54.597Z,4049,449578300,-930867300,226,92,20,146,210
7900742236,120220920,2022-09-20T10:52:54.613Z,2549,449861900,-932620400,226,240,25,2039,-60
7900742237,120220920,2022-09-20T10:52:54.623Z,3743,448245300,-932897100,226,276,10,2408,-255
7900742238,120220920,2022-09-20T10:52:54.650Z,3980,448295500,-930546100,244,,0,2224,0
7900742239,120220920,2022-09-20T10:52:54.693Z,2597,449857200,-932520100,231,120,20,1667,45
7900742240,120220920,2022-09-20T10:52:54.743Z,2561,449777200,-932659800,228,24,10,3484,360
7900742241,120220920,2022-09-20T10:52:54.770Z,2632,450338900,-932473900,226,180,15,1873,-105
7900742242,120220920,2022-09-20T10:52:54.830Z,4056,449198900,-932524400,226,,0,1922,0
7900742243,120220920,2022-09-20T10:52:54.860Z,3940,451230700,-932213100,180,180,25,1491,0
7900742244,120220920,2022-09-20T10:52:54.867Z,2672,449855100,-932821900,225,244,0,3,480
7900742245,120220920,2022-09-20T10:52:54.870Z,3931,449702000,-933702100,226,68,10,2339,-15
7900742246,120220920,2022-09-20T10:52:54.880Z,2491,449487000,-930906900,226,236,1,1075,45
7900742247,120220920,2022-09-20T10:52:54.887Z,2335,448367400,-932968900,244,336,60,3395,-135
7900742248,120220920,2022-09-20T10:52:54.913Z,2684,450061100,-931640500,226,88,20,1281,-120
7900742249,120220920,2022-09-20T10:52:54.937Z,2598,449137700,-932030900,226,328,10,1005,-195
7900742250,120220920,2022-09-20T10:52:54.957Z,2511,449488500,-930049900,242,180,20,2394,-60
7900742251,120220920,2022-09-20T10:52:54.983Z,3987,449445700,-931075300,244,220,50,254,330
7900742252,120220920,2022-09-20T10:52:54.997Z,3732,449778400,-932629000,225,208,1,2936,-15
7900742253,120220920,2022-09-20T10:52:55.067Z,3950,448618100,-933272000,244,,0,518,0
7900804156,120220920,2022-09-20T11:19:33.777Z,5421,449984700,-932897900,146,,0,0,0
7900804157,120220920,2022-09-20T11:19:33.797Z,2488,449768600,-931059100,226,0,15,608,-165
7900804158,120220920,2022-09-20T11:19:33.857Z,2527,449720500,-934622600,162,8,20,1003,0
7900804159,120220920,2022-09-20T11:19:33.877Z,3935,449448800,-932779700,46,,0,5,0
7900804160,120220920,2022-09-20T11:19:33.880Z,4148,448690500,-932781600,226,356,1,1392,-210
7900804161,120220920,2022-09-20T11:19:33.893Z,2068,451264600,-932652400,226,332,30,1185,-15
7900804162,120220920,2022-09-20T11:19:33.953Z,4068,450760400,-933333800,226,272,60,206,0
7900804163,120220920,2022-09-20T11:19:33.970Z,4181,448633100,-932438700,132,,0,35009,0
7900804164,120220920,2022-09-20T11:19:33.970Z,4039,449915300,-932812700,226,160,25,1548,45
7900804165,120220920,2022-09-20T11:19:34.030Z,3898,449457900,-935786100,242,236,40,1765,585
7900804166,120220920,2022-09-20T11:19:34.030Z,2495,449203800,-932199000,110,,0,2060,0
7900804167,120220920,2022-09-20T11:19:34.033Z,2651,449178700,-931839500,226,88,25,916,-30
7900804168,120220920,2022-09-20T11:19:34.033Z,3893,450961100,-932906900,226,340,60,314,45
7900804169,120220920,2022-09-20T11:19:34.037Z,3874,448852800,-930308100,226,,0,1660,-630
7900804170,120220920,2022-09-20T11:19:34.090Z,4080,449847400,-932840500,110,,0,0,450
7900804171,120220920,2022-09-20T11:19:34.107Z,3707,450287600,-930240300,226,,0,3716,0
7900804172,120220920,2022-09-20T11:19:34.117Z,2637,450773800,-933115700,171,92,0,0,0
7900804173,120220920,2022-09-20T11:19:34.143Z,2520,450138300,-933201100,226,116,15,1030,0
7900804174,120220920,2022-09-20T11:19:34.243Z,2683,448544700,-932384900,241,248,5,4015,0
7900804175,120220920,2022-09-20T11:19:34.260Z,2384,448580200,-933019300,244,,0,3837,30
7900804176,120220920,2022-09-20T11:19:34.270Z,4047,450859900,-932382400,162,,0,982,0
7900804177,120220920,2022-09-20T11:19:34.287Z,2290,449180100,-931920800,233,268,0,4662,-270
7900804178,120220920,2022-09-20T11:19:34.307Z,2646,450129400,-931683700,230,,0,3638,0
7900804179,120220920,2022-09-20T11:19:34.307Z,3804,449761900,-932705200,225,304,0,2884,60
7900804180,120220920,2022-09-20T11:19:34.340Z,2621,449657400,-932174600,226,132,50,1683,60
7900804181,120220920,2022-09-20T11:19:34.357Z,4160,449555800,-930691900,226,236,20,965,-165
7900804182,120220920,2022-09-20T11:19:34.413Z,3888,448538100,-932387700,225,0,1,117,90
7900804183,120220920,2022-09-20T11:19:34.423Z,3701,449761700,-930735500,228,180,15,2413,-225
7900804184,120220920,2022-09-20T11:19:34.467Z,4001,450065800,-932570400,244,196,20,1899,-60
7900804185,120220920,2022-09-20T11:19:34.480Z,2292,449212500,-932203100,233,340,0,2722,0
7900804186,120220920,2022-09-20T11:19:34.490Z,3995,449667500,-930908000,228,,0,37,-120
7900804187,120220920,2022-09-20T11:19:34.527Z,4079,450595300,-933180300,226,,0,993,30
7900804188,120220920,2022-09-20T11:19:34.547Z,4003,449491100,-933060000,244,272,20,1534,-375
7900804189,120220920,2022-09-20T11:19:34.570Z,2534,449538500,-932473500,226,0,25,2735,-120
7900804190,120220920,2022-09-20T11:19:34.580Z,2493,449701600,-930852700,226,88,10,2463,-75
7900804191,120220920,2022-09-20T11:19:34.590Z,5403,449627100,-931942800,242,300,25,3734,-60
7900804192,120220920,2022-09-20T11:19:34.613Z,4069,450695800,-933195100,226,176,10,1087,-15
7900804193,120220920,2022-09-20T11:19:34.630Z,3886,449762100,-932552100,228,120,35,1068,15
7900804194,120220920,2022-09-20T11:19:34.633Z,2627,449541400,-930150200,226,264,1,2054,-60
7900804195,120220920,2022-09-20T11:19:34.637Z,2132,448248500,-932906900,242,,0,1953,0
7900804196,120220920,2022-09-20T11:19:34.650Z,3749,450591900,-932477300,226,180,1,1995,-300
7900804197,120220920,2022-09-20T11:19:34.653Z,3630,449585800,-930900800,226,180,20,87,600
7900804198,120220920,2022-09-20T11:19:34.653Z,2553,450402000,-932185300,226,,0,2155,0
7900804199,120220920,2022-09-20T11:19:34.677Z,2675,449696700,-932775000,226,104,10,2958,90
7900804200,120220920,2022-09-20T11:19:34.690Z,5216,448582200,-933530900,242,296,25,1207,-255
7900804201,120220920,2022-09-20T11:19:34.793Z,2618,449685600,-932431400,226,300,30,2097,-105
7900804202,120220920,2022-09-20T11:19:34.810Z,3717,449987700,-932660700,228,144,5,1039,-90
7900804203,120220920,2022-09-20T11:19:34.847Z,3722,450168400,-932574200,226,,0,1951,0
7900804204,120220920,2022-09-20T11:19:34.857Z,2541,450774300,-933098500,162,,0,12,0
7900804205,120220920,2022-09-20T11:19:34.857Z,2628,449281800,-929575500,226,,0,1026,90
7900804206,120220920,2022-09-20T11:19:34.910Z,4031,449844200,-932834100,226,,0,26,-165
7900804207,120220920,2022-09-20T11:19:34.947Z,3684,448626500,-932434600,162,,0,2,0
7900804208,120220920,2022-09-20T11:19:35.007Z,2504,449558400,-931774200,242,,0,405,-225
7900804209,120220920,2022-09-20T11:19:35.013Z,2134,448135600,-933679600,242,,0,1145,-45
7900804210,120220920,2022-09-20T11:19:35.013Z,4012,450409400,-932616900,244,268,15,1538,-75
7900804211,120220920,2022-09-20T11:19:35.070Z,2080,449423000,-930828700,226,,0,2212,0
7900804212,120220920,2022-09-20T11:19:35.077Z,2567,450913100,-934370200,226,,0,4002,-495
7900804213,120220920,2022-09-20T11:19:35.097Z,2546,451399100,-932754100,226,320,40,2387,-255
7900804214,120220920,2022-09-20T11:19:35.133Z,2622,449511700,-931080300,226,296,25,3197,-90
7900804215,120220920,2022-09-20T11:19:35.133Z,3870,450480200,-928075100,228,,0,1944,-60
7900804216,120220920,2022-09-20T11:19:35.147Z,2623,449470800,-930847500,162,,0,1213,0
7900804217,120220920,2022-09-20T11:19:35.177Z,4021,448370400,-932972000,242,336,60,1727,225
7900804218,120220920,2022-09-20T11:19:35.257Z,4102,448568600,-932987700,226,,0,2586,0
7900804219,120220920,2022-09-20T11:19:35.263Z,4092,449727000,-932183100,226,,0,2392,0
7900804220,120220920,2022-09-20T11:19:35.350Z,4032,449479600,-930845000,226,56,25,2662,-135
7900804221,120220920,2022-09-20T11:19:35.377Z,2497,449556400,-930967300,226,,0,137,315
7900804222,120220920,2022-09-20T11:19:35.383Z,2601,449483400,-931916500,226,88,20,2132,-75
7900804223,120220920,2022-09-20T11:19:35.407Z,3644,449742200,-932658700,241,296,10,4174,90
7900804224,120220920,2022-09-20T11:19:35.443Z,2528,449781100,-932696100,226,212,15,1626,-105
7900804225,120220920,2022-09-20T11:19:35.457Z,2674,449874100,-932029500,226,,0,2257,90
7900804226,120220920,2022-09-20T11:19:35.460Z,3983,449912300,-931051200,244,,0,2423,0
7900804227,120220920,2022-09-20T11:19:35.510Z,3985,450008700,-930820900,244,268,15,333,-165
7900804228,120220920,2022-09-20T11:19:35.513Z,4042,449385100,-931213300,226,96,15,1379,-15
7900804229,120220920,2022-09-20T11:19:35.523Z,5392,449516400,-931582700,178,88,60,13332,0
7900804230,120220920,2022-09-20T11:19:35.527Z,3715,449199000,-932753300,226,,0,2627,15
7900804231,120220920,2022-09-20T11:19:35.540Z,2658,450884000,-934222000,226,288,50,647,585
7900804232,120220920,2022-09-20T11:19:35.550Z,3997,449678000,-932065000,244,,0,3328,0
7900804233,120220920,2022-09-20T11:19:35.580Z,4162,451231500,-933228400,226,96,60,804,-15
7900804234,120220920,2022-09-20T11:19:35.617Z,3656,453282061,-937194795,164,,0,0,-60
7900804235,120220920,2022-09-20T11:19:35.670Z,5131,448479400,-932772800,242,272,25,742,-105
7900804236,120220920,2022-09-20T11:19:35.687Z,5126,448541800,-932382200,248,180,1,2113,0
7900804237,120220920,2022-09-20T11:19:35.720Z,3858,449814200,-929855100,228,,0,2637,0
7900804238,120220920,2022-09-20T11:19:35.727Z,4144,448539300,-932378100,226,,0,3305,0
7900804239,120220920,2022-09-20T11:19:35.773Z,4187,450099366,-931590758,132,,0,65535,-60
7900804240,120220920,2022-09-20T11:19:35.783Z,5368,448556300,-933284700,242,88,15,1501,-150
7900804241,120220920,2022-09-20T11:19:35.810Z,2540,450709900,-933551700,226,160,25,1396,0
7900804242,120220920,2022-09-20T11:19:35.823Z,2536,449434100,-932626300,226,180,10,1176,0
7900804243,120220920,2022-09-20T11:19:35.837Z,2592,450601600,-933179900,226,88,5,919,-45
7900804244,120220920,2022-09-20T11:19:35.860Z,5364,448129900,-933193600,242,64,20,1540,-90
7900804245,120220920,2022-09-20T11:19:35.880Z,2279,449626700,-932674100,226,100,10,2847,-45
7900804246,120220920,2022-09-20T11:19:35.920Z,2667,450354600,-932985200,226,272,20,1933,-165
7900804247,120220920,2022-09-20T11:19:35.973Z,3955,449812800,-932673400,244,124,20,2022,-30
7900804248,120220920,2022-09-20T11:19:36Z,3960,449822400,-932429600,180,28,15,1589,0
7900804249,120220920,2022-09-20T11:19:36.003Z,2609,449114300,-932026000,226,,0,2337,-150
7900804250,120220920,2022-09-20T11:19:36.033Z,4049,449018500,-931016400,226,332,20,817,-45
7900804251,120220920,2022-09-20T11:19:36.070Z,2081,449470000,-930857400,230,,1,276,-30
7900804252,120220920,2022-09-20T11:19:36.117Z,4178,449448200,-932787900,168,,0,0,0
7900804253,120220920,2022-09-20T11:19:36.120Z,3869,449667500,-930330200,226,272,15,980,-225
7900804254,120220920,2022-09-20T11:19:36.150Z,4135,450085400,-930988400,226,248,45,1251,120
7900804255,120220920,2022-09-20T11:19:36.163Z,2585,450594900,-933187300,226,,0,1824,0
7900804256,120220920,2022-09-20T11:19:36.187Z,3814,450572200,-933218200,228,204,10,1601,-75
7900804257,120220920,2022-09-20T11:19:36.200Z,2695,449115800,-930819800,226,,0,2889,0
7900804258,120220920,2022-09-20T11:19:36.247Z,3895,449485600,-932614600,226,,0,1681,0
7900804259,120220920,2022-09-20T11:19:36.293Z,2561,451455600,-931837000,226,,0,5097,1110
7900804260,120220920,2022-09-20T11:19:36.303Z,4074,449401700,-932473800,226,180,20,1323,60
7900804261,120220920,2022-09-20T11:19:36.317Z,5401,448584700,-932884100,242,356,25,1805,-165
7900804262,120220920,2022-09-20T11:19:36.373Z,3862,449492500,-930871400,241,0,0,1986,-60
7900804263,120220920,2022-09-20T11:19:36.373Z,5017,448271700,-933012800,242,0,20,1464,-90
7900804264,120220920,2022-09-20T11:19:36.377Z,2597,449728200,-932182000,226,,0,1857,0
7900804265,120220920,2022-09-20T11:19:36.393Z,4073,450802300,-933358100,226,268,20,145,300
7900804266,120220920,2022-09-20T11:19:36.400Z,2201,450216800,-933083000,244,0,30,2408,-300
7900804267,120220920,2022-09-20T11:19:36.407Z,4056,449013100,-932626500,226,0,15,2471,15
7900804268,120220920,2022-09-20T11:19:36.430Z,2669,451108000,-932635200,226,0,60,1039,660
7900804269,120220920,2022-09-20T11:19:36.443Z,2116,450324100,-929846800,242,0,25,2402,75
7900845196,120220920,2022-09-20T11:34:55.437Z,2510,449986500,-932442000,242,92,25,983,-195
7900845197,120220920,2022-09-20T11:34:55.443Z,2651,449981200,-931664800,226,0,50,1550,75
7900845198,120220920,2022-09-20T11:34:55.507Z,3854,449189000,-930880600,230,180,25,2142,-90
7900845199,120220920,2022-09-20T11:34:55.523Z,2116,450289200,-930242000,242,,0,2896,0
7900845200,120220920,2022-09-20T11:34:55.540Z,5392,449505600,-930958000,242,,0,13738,-165
7900845201,120220920,2022-09-20T11:34:55.550Z,2073,449447200,-932782900,228,,0,7,255
7900845202,120220920,2022-09-20T11:34:55.580Z,4069,450777500,-933165100,226,316,10,1311,-105
7900845203,120220920,2022-09-20T11:34:55.587Z,5034,449990800,-932923100,242,,0,3201,-120
7900845204,120220920,2022-09-20T11:34:55.590Z,2534,449766500,-932712000,226,296,15,3022,-30
7900845205,120220920,2022-09-20T11:34:55.640Z,2675,449739800,-932691200,238,,0,3006,0
7900845206,120220920,2022-09-20T11:34:55.640Z,3876,449661800,-930736400,230,180,20,1883,-105
7900845207,120220920,2022-09-20T11:34:55.647Z,3866,449392300,-931189100,241,64,25,2493,0
7900845208,120220920,2022-09-20T11:34:55.650Z,2553,450356600,-932369200,226,,0,2263,-30
7900845209,120220920,2022-09-20T11:34:55.683Z,5403,450139600,-931768500,242,4,10,4186,-60
7900845210,120220920,2022-09-20T11:34:55.687Z,2132,448180000,-933094600,242,216,30,2084,-15
7900845211,120220920,2022-09-20T11:34:55.690Z,4031,449708400,-933725900,226,,0,564,-30
7900845212,120220920,2022-09-20T11:34:55.710Z,5216,448652600,-933238100,242,,0,1624,-270
7900845213,120220920,2022-09-20T11:34:55.730Z,4010,449200400,-932651300,244,0,20,1856,15
7900845214,120220920,2022-09-20T11:34:55.733Z,2185,449744600,-932697100,244,120,15,3574,-165
7900845215,120220920,2022-09-20T11:34:55.737Z,5373,448134600,-936033400,164,,0,1290,0
7900845216,120220920,2022-09-20T11:34:55.747Z,2493,450231300,-930905700,226,288,15,2958,0
7900845217,120220920,2022-09-20T11:34:55.753Z,3947,449922700,-933950300,244,304,15,995,-255
7900845218,120220920,2022-09-20T11:34:55.763Z,5131,448655100,-933164100,242,268,25,1106,0
7900845219,120220920,2022-09-20T11:34:55.820Z,3679,450728000,-932929100,241,92,25,129,45
7900845220,120220920,2022-09-20T11:34:55.837Z,5368,448541500,-932376900,246,,0,1991,0
7900845221,120220920,2022-09-20T11:34:55.840Z,2627,449475500,-930858000,226,236,15,2496,30
7900845222,120220920,2022-09-20T11:34:55.870Z,2628,449520200,-930586900,226,272,60,1783,60
7900845223,120220920,2022-09-20T11:34:55.877Z,3900,449014300,-932323500,241,0,10,1484,-15
7900845224,120220920,2022-09-20T11:34:55.907Z,2618,449852000,-932693200,226,44,10,2368,-75
7900845225,120220920,2022-09-20T11:34:56.010Z,4094,449417900,-932804000,171,84,0,25,0
7900845226,120220920,2022-09-20T11:34:56.013Z,2546,451747200,-933466100,226,,0,2849,-375
7900845227,120220920,2022-09-20T11:34:56.043Z,3878,449775500,-931059800,241,0,0,2078,-60
7900845228,120220920,2022-09-20T11:34:56.050Z,3828,448806600,-933217600,241,180,25,2464,-15
7900845229,120220920,2022-09-20T11:34:56.073Z,2080,449484200,-930914000,226,,0,2308,-75
7900845230,120220920,2022-09-20T11:34:56.103Z,2623,449465700,-931098100,162,272,20,1416,0
7900845231,120220920,2022-09-20T11:34:56.167Z,3797,449486000,-932627300,232,180,5,2917,-105
7900845232,120220920,2022-09-20T11:34:56.177Z,2439,449785300,-932617100,246,348,1,1075,225
7900845233,120220920,2022-09-20T11:34:56.190Z,4092,449728000,-932182200,226,,0,2393,0
7900845234,120220920,2022-09-20T11:34:56.203Z,3999,450409400,-932610400,244,268,20,1567,-165
7900845235,120220920,2022-09-20T11:34:56.207Z,5248,449752300,-932704600,226,,0,4350,60
7900845236,120220920,2022-09-20T11:34:56.213Z,4102,448568600,-932987900,226,,0,2586,0
7900845237,120220920,2022-09-20T11:34:56.227Z,4021,449765500,-932689600,242,,0,2794,465
7900845238,120220920,2022-09-20T11:34:56.230Z,3914,449440800,-932779300,168,180,20,15,0
7900845239,120220920,2022-09-20T11:34:56.250Z,3927,449210400,-932883100,230,4,25,1051,-165
7900845240,120220920,2022-09-20T11:34:56.253Z,3951,449791400,-932774100,244,340,20,1087,-135
7900845241,120220920,2022-09-20T11:34:56.267Z,3944,451727800,-933917200,180,356,35,1848,0
7900845242,120220920,2022-09-20T11:34:56.297Z,5347,448952200,-930488000,244,180,20,3722,-135
7900845243,120220920,2022-09-20T11:34:56.317Z,2497,449342900,-930845700,226,156,25,332,-60
7900845244,120220920,2022-09-20T11:34:56.360Z,2593,449905300,-932864100,226,52,35,83,45
7900845245,120220920,2022-09-20T11:34:56.367Z,2674,449751300,-932521900,226,300,20,2568,-105
7900845246,120220920,2022-09-20T11:34:56.387Z,2528,449013500,-932630000,162,,0,2240,0
7900845247,120220920,2022-09-20T11:34:56.413Z,3837,448537000,-932387200,225,0,0,2017,0
7900845248,120220920,2022-09-20T11:34:56.423Z,2204,450179900,-933082700,244,0,25,2360,-360
7900845249,120220920,2022-09-20T11:34:56.443Z,4032,449540900,-930125500,226,52,10,3116,45
7900845250,120220920,2022-09-20T11:34:56.447Z,3922,448566600,-932988100,164,,0,456,0
7900845251,120220920,2022-09-20T11:34:56.463Z,3728,449198000,-932780000,241,0,0,2648,120
7900845252,120220920,2022-09-20T11:34:56.487Z,2658,451324500,-934764400,226,,0,1123,120
7900845253,120220920,2022-09-20T11:34:56.493Z,2601,449466000,-931399300,226,92,20,2492,60
7900845254,120220920,2022-09-20T11:34:56.513Z,4042,449546300,-930710200,226,56,20,1676,60
7900845255,120220920,2022-09-20T11:34:56.513Z,3758,450163800,-932472800,241,0,20,3173,-15
7900845256,120220920,2022-09-20T11:34:56.583Z,2438,448626500,-932435300,180,,0,50,0
7900845257,120220920,2022-09-20T11:34:56.593Z,3796,449428100,-931047600,228,40,25,3792,0
7900845258,120220920,2022-09-20T11:34:56.593Z,2385,449196900,-932748600,244,,0,4131,-60
7900845259,120220920,2022-09-20T11:34:56.597Z,3835,448964000,-932423500,230,76,50,332,15
7900845260,120220920,2022-09-20T11:34:56.603Z,3683,449750900,-932710100,241,0,0,950,75
7900845261,120220920,2022-09-20T11:34:56.660Z,3671,448889700,-933087500,226,,0,2396,-300
7900845262,120220920,2022-09-20T11:34:56.707Z,3867,449678400,-930907700,230,12,20,43,-45
7900845263,120220920,2022-09-20T11:34:56.717Z,5399,448423600,-932479500,242,180,25,2552,-135
7900845264,120220920,2022-09-20T11:34:56.733Z,4006,449625100,-932481700,244,272,1,1079,-30
7900845265,120220920,2022-09-20T11:34:56.747Z,3506,449845300,-932810900,46,,0,0,0
7900845266,120220920,2022-09-20T11:34:56.750Z,3987,449222400,-931873700,244,0,25,1203,-180
7900845267,120220920,2022-09-20T11:34:56.820Z,2536,449012000,-932629500,226,,0,1512,0
7900845268,120220920,2022-09-20T11:34:56.907Z,5364,448253200,-932904300,242,,0,1759,0
7900845269,120220920,2022-09-20T11:34:56.940Z,2279,449414700,-932130600,226,88,15,3244,-30
7900845270,120220920,2022-09-20T11:34:56.947Z,2540,450093700,-932828400,226,180,60,2247,135
7900845271,120220920,2022-09-20T11:34:56.967Z,2609,449342100,-932518800,226,,0,2744,-15
7900845272,120220920,2022-09-20T11:34:56.977Z,2567,449712800,-933791600,226,96,50,5088,45
7900845273,120220920,2022-09-20T11:34:56.990Z,3743,448261000,-932884600,241,0,1,2857,-75
7900845274,120220920,2022-09-20T11:34:56.990Z,2485,449640600,-930903400,226,192,45,80,-105
7900845275,120220920,2022-09-20T11:34:56.993Z,4106,450911100,-934306100,233,280,0,697,750
7900845276,120220920,2022-09-20T11:34:56.997Z,4144,448737600,-932239700,230,284,1,3609,0
7900845277,120220920,2022-09-20T11:34:57.033Z,3824,449628300,-932448300,230,,0,1462,-30
7900845278,120220920,2022-09-20T11:34:57.037Z,2695,449115700,-930820100,226,,0,2889,0
7900845279,120220920,2022-09-20T11:34:57.057Z,4135,449838200,-932439800,226,300,20,2149,75
7900845280,120220920,2022-09-20T11:34:57.097Z,4005,449822400,-932688200,244,44,10,833,-135
7900845281,120220920,2022-09-20T11:34:57.127Z,2440,448289800,-932921900,244,344,45,1569,-30
7900845282,120220920,2022-09-20T11:34:57.160Z,2561,451455600,-931837000,226,,0,5097,180
7900845283,120220920,2022-09-20T11:34:57.177Z,2119,450327500,-931907700,178,4,60,356,0
7900845284,120220920,2022-09-20T11:34:57.177Z,4049,449475400,-930930100,226,,0,1232,120
7900845285,120220920,2022-09-20T11:34:57.193Z,3931,449808800,-932652200,241,40,10,3013,-1200
7900845286,120220920,2022-09-20T11:34:57.220Z,3744,449779100,-932712200,241,32,10,2601,-285
7900845287,120220920,2022-09-20T11:34:57.233Z,4074,448981800,-932324000,226,164,5,1719,0
7900845288,120220920,2022-09-20T11:34:57.237Z,5345,450806700,-931328500,244,,0,1064,0
7900845289,120220920,2022-09-20T11:34:57.267Z,2081,449664600,-931160600,226,,0,561,-210
7900845290,120220920,2022-09-20T11:34:57.283Z,2597,449881300,-932596200,226,228,1,2108,-150
7900845291,120220920,2022-09-20T11:34:57.300Z,4073,450903200,-933411400,226,176,20,426,0
7900845292,120220920,2022-09-20T11:34:57.300Z,3732,448693700,-932782800,228,180,40,3777,-120
7900845293,120220920,2022-09-20T11:34:57.303Z,3984,449540100,-930149500,244,276,5,2065,-150
7900845294,120220920,2022-09-20T11:34:57.303Z,2669,451252000,-932643300,226,,0,1174,-75
7900845295,120220920,2022-09-20T11:34:57.330Z,2667,450680700,-932641900,226,104,20,2522,390
7900845296,120220920,2022-09-20T11:34:57.343Z,5401,448286500,-933331600,242,,0,2332,-255
7900845297,120220920,2022-09-20T11:34:57.353Z,2200,450424200,-933184300,244,148,35,1046,-90
7900845298,120220920,2022-09-20T11:34:57.387Z,2684,449385000,-931213300,226,,0,2078,-1260
7900845299,120220920,2022-09-20T11:34:57.397Z,4056,449505400,-932525200,226,0,20,2859,45
7900845300,120220920,2022-09-20T11:34:57.407Z,4179,450769700,-933109300,136,,0,0,0
7900845301,120220920,2022-09-20T11:34:57.410Z,5370,447761300,-933180500,242,,0,29,-195
7900845302,120220920,2022-09-20T11:34:57.413Z,4182,449859400,-932850500,148,,0,28028,0
7900845303,120220920,2022-09-20T11:34:57.413Z,5017,448276700,-933330100,242,344,20,1926,-75
7900845304,120220920,2022-09-20T11:34:57.417Z,2592,450263400,-932880800,226,180,25,1292,45
7900845305,120220920,2022-09-20T11:34:57.440Z,2598,449500500,-932982000,226,,0,1869,-45
7900845306,120220920,2022-09-20T11:34:57.477Z,2526,450597200,-934082900,226,,0,1771,0
7900845307,120220920,2022-09-20T11:34:57.537Z,3721,449697400,-932778000,226,,0,2916,-165
7900845308,120220920,2022-09-20T11:34:57.540Z,2491,449678900,-932065100,226,,0,1856,0
7900845309,120220920,2022-09-20T11:34:57.587Z,2577,448262100,-929557400,241,224,0,1012,360
7900856140,120220920,2022-09-20T11:38:49.593Z,2485,449526200,-930424800,226,88,50,402,210
7900856141,120220920,2022-09-20T11:38:49.597Z,4135,449840700,-932663800,226,,0,2284,180
7900856142,120220920,2022-09-20T11:38:49.597Z,4049,449494100,-930945000,226,328,10,1249,-60
7900856143,120220920,2022-09-20T11:38:49.597Z,2561,451454200,-931839100,226,,0,5099,0
7900856144,120220920,2022-09-20T11:38:49.597Z,5401,448286500,-933331600,242,,0,2332,-480
7900856145,120220920,2022-09-20T11:38:49.597Z,3895,449483800,-931828800,228,92,5,2067,75
7900856146,120220920,2022-09-20T11:38:49.597Z,2113,449520600,-930125400,242,,0,1260,0
7900856147,120220920,2022-09-20T11:38:49.597Z,4074,449017800,-932141300,226,88,25,1833,30
7900856148,120220920,2022-09-20T11:38:49.597Z,3862,449916700,-930250900,228,,0,2575,75
7900856149,120220920,2022-09-20T11:38:49.597Z,2592,450136500,-932880300,226,180,25,1380,45
7900856150,120220920,2022-09-20T11:38:49.597Z,3711,449790700,-932625600,225,312,0,2904,-195
7900856151,120220920,2022-09-20T11:38:49.597Z,2597,449793400,-932702100,226,208,1,2194,-60
7900856152,120220920,2022-09-20T11:38:49.627Z,2684,449385000,-931214200,226,,0,2078,-1485
7900856153,120220920,2022-09-20T11:38:49.637Z,2081,449702400,-931260100,226,,0,635,-285
7900856154,120220920,2022-09-20T11:38:49.637Z,4073,450829100,-933307600,226,180,20,525,-30
7900856155,120220920,2022-09-20T11:38:49.670Z,2669,451151800,-932635700,226,108,10,1245,-150
7900856156,120220920,2022-09-20T11:38:49.677Z,2526,450552300,-933906400,226,180,30,1883,-60
7900856157,120220920,2022-09-20T11:38:49.700Z,2598,449487600,-932983600,226,180,10,1879,-270
7900856158,120220920,2022-09-20T11:38:49.723Z,2491,449678900,-932065000,226,,0,1856,0
7900856159,120220920,2022-09-20T11:38:49.727Z,2667,451060200,-932635900,226,0,45,2789,930
7900856160,120220920,2022-09-20T11:38:49.740Z,4056,449608500,-932522900,226,4,20,2929,15
7900856161,120220920,2022-09-20T11:38:49.757Z,2508,449275100,-929571800,242,,0,1823,0
7900856162,120220920,2022-09-20T11:38:49.777Z,3854,449071000,-930807600,228,180,5,2256,-90
7900856163,120220920,2022-09-20T11:38:49.817Z,3866,449452100,-931040100,228,,0,2580,15
7900856164,120220920,2022-09-20T11:38:49.820Z,2577,448262100,-929557400,241,224,0,1012,120
7900856165,120220920,2022-09-20T11:38:49.847Z,3876,449579600,-930848800,228,,0,1982,-60
7900856166,120220920,2022-09-20T11:38:49.853Z,2074,449451200,-932790400,46,,0,7,0
7900856167,120220920,2022-09-20T11:38:49.860Z,3898,449373900,-936643400,242,,0,2236,-105
7900856168,120220920,2022-09-20T11:38:49.880Z,5018,449693400,-931978400,242,212,20,3047,-90
7900856169,120220920,2022-09-20T11:38:49.880Z,2121,450366200,-933299400,242,244,15,2685,-195
7900856170,120220920,2022-09-20T11:38:49.910Z,5365,447772100,-933209600,178,,0,0,0
7900856171,120220920,2022-09-20T11:38:49.950Z,2284,449139300,-932751300,226,180,60,235,105
7900856172,120220920,2022-09-20T11:38:49.950Z,5387,450622300,-932629000,242,180,15,2229,105
7900856173,120220920,2022-09-20T11:38:49.960Z,2387,448954700,-932747500,180,0,50,472,0
7900856174,120220920,2022-09-20T11:38:49.977Z,2499,449916100,-930253000,226,,0,1087,75
7900856175,120220920,2022-09-20T11:38:49.983Z,4053,449580000,-930846800,226,20,15,2317,-90
7900856176,120220920,2022-09-20T11:38:50.013Z,2227,448258500,-932898600,244,184,15,2354,45
7900856177,120220920,2022-09-20T11:38:50.037Z,3900,449175500,-932321900,241,64,25,1595,-45
7900856178,120220920,2022-09-20T11:38:50.043Z,6140,449733900,-934018500,226,264,60,4636,1050
7900856179,120220920,2022-09-20T11:38:50.057Z,2490,449639800,-930882500,177,12,0,0,0
7900856180,120220920,2022-09-20T11:38:50.087Z,2285,449170900,-932063500,194,204,20,2340,-150
7900856181,120220920,2022-09-20T11:38:50.103Z,4071,449740700,-932709300,226,32,10,2427,30
7900856182,120220920,2022-09-20T11:38:50.140Z,2549,448763200,-933213400,226,180,25,2985,-150
7900856183,120220920,2022-09-20T11:38:50.140Z,2071,449694300,-933495900,226,48,10,4289,-30
7900856184,120220920,2022-09-20T11:38:50.140Z,3942,450423800,-932469800,244,,0,1430,0
7900856185,120220920,2022-09-20T11:38:50.147Z,3881,449666100,-930907500,46,,0,0,0
7900856186,120220920,2022-09-20T11:38:50.197Z,2524,449738400,-932677700,226,,0,1739,-195
7900856187,120220920,2022-09-20T11:38:50.197Z,2118,449133900,-931477100,242,48,10,2297,-60
7900856188,120220920,2022-09-20T11:38:50.200Z,2286,449141900,-932882500,226,0,20,1028,-75
7900856189,120220920,2022-09-20T11:38:50.217Z,2110,450751500,-933664600,242,116,10,3265,-60
7900856190,120220920,2022-09-20T11:38:50.227Z,2585,450346700,-932957500,226,180,15,2117,45
7900856191,120220920,2022-09-20T11:38:50.247Z,3941,449784100,-932625500,212,128,1,1854,0
7900856192,120220920,2022-09-20T11:38:50.250Z,3878,449588300,-931060300,228,180,20,2209,75
7900856193,120220920,2022-09-20T11:38:50.253Z,2535,450568600,-933867500,226,100,25,2823,-75
7900856194,120220920,2022-09-20T11:38:50.260Z,4048,450753600,-933056100,177,176,30,43,0
7900856195,120220920,2022-09-20T11:38:50.267Z,2632,449699200,-932743700,226,240,15,2474,-45
7900856196,120220920,2022-09-20T11:38:50.293Z,5367,448568600,-933534300,242,,0,1501,315
7900856197,120220920,2022-09-20T11:38:50.330Z,3828,448968600,-933188100,241,64,25,2592,30
7900856198,120220920,2022-09-20T11:38:50.343Z,3996,450162800,-929922900,244,188,15,2595,-135
7900856199,120220920,2022-09-20T11:38:50.393Z,3644,450609100,-931547000,228,96,60,5551,390
7900856200,120220920,2022-09-20T11:38:50.400Z,4055,449484300,-932695200,226,,0,1377,-285
7900856201,120220920,2022-09-20T11:38:50.440Z,2084,449468200,-930859100,226,,0,2521,645
7900856202,120220920,2022-09-20T11:38:50.480Z,3914,449417100,-932743500,162,356,40,105,0
7900856203,120220920,2022-09-20T11:38:50.510Z,3927,449407500,-932881500,230,0,30,1187,-120
7900856204,120220920,2022-09-20T11:38:50.543Z,3679,450800900,-932874800,228,356,50,202,-105
7900856205,120220920,2022-09-20T11:38:50.550Z,2277,449708700,-933730900,226,,0,1946,0
7900856206,120220920,2022-09-20T11:38:50.640Z,4041,449465200,-931020300,226,,0,1957,-30
7900856207,120220920,2022-09-20T11:38:50.643Z,5200,450080997,-934510774,226,,0,1801,300
7900856208,120220920,2022-09-20T11:38:50.647Z,2338,450135500,-931687200,244,312,15,5813,30
7900856209,120220920,2022-09-20T11:38:50.673Z,3922,448566600,-932988100,162,,0,456,0
7900856210,120220920,2022-09-20T11:38:50.680Z,3728,449117300,-932780400,241,180,20,2704,0
7900856211,120220920,2022-09-20T11:38:50.680Z,3837,448600000,-932516900,230,268,25,2131,15
7900856212,120220920,2022-09-20T11:38:50.693Z,2568,449821400,-932742900,228,88,5,2392,120
7900856213,120220920,2022-09-20T11:38:50.727Z,3835,449051500,-931991300,166,348,20,598,0
7900856214,120220920,2022-09-20T11:38:50.757Z,3758,450371800,-932471800,228,0,25,3314,45
7900856215,120220920,2022-09-20T11:38:50.780Z,2652,450922700,-934436300,233,300,60,3667,1140
7900856216,120220920,2022-09-20T11:38:50.793Z,3796,449462300,-930936000,230,52,10,3858,15
7900856217,120220920,2022-09-20T11:38:50.813Z,2633,449901900,-932802500,226,,0,1601,-645
7900856218,120220920,2022-09-20T11:38:50.813Z,3683,449720100,-932637100,225,0,0,990,15
7900856219,120220920,2022-09-20T11:38:50.817Z,4159,452158200,-934159400,226,,0,6413,525
7900856220,120220920,2022-09-20T11:38:50.850Z,2672,450136000,-932049200,226,4,10,1282,-105
7900856221,120220920,2022-09-20T11:38:50.877Z,3671,448743100,-933086800,226,180,30,2498,-360
7900856222,120220920,2022-09-20T11:38:50.880Z,2515,450837600,-933769600,242,,0,2008,-30
7900856223,120220920,2022-09-20T11:38:50.883Z,3867,449535600,-930835400,164,,0,185,0
7900856224,120220920,2022-09-20T11:38:50.923Z,2069,449788400,-932630000,230,124,1,1591,0
7900856225,120220920,2022-09-20T11:38:50.947Z,3506,449845300,-932810900,46,,0,7,0
7900856226,120220920,2022-09-20T11:38:50.963Z,2663,448127700,-932198200,226,136,1,4729,15
7900856227,120220920,2022-09-20T11:38:50.970Z,2687,450107400,-931663900,226,0,40,2449,-255
7900856228,120220920,2022-09-20T11:38:50.990Z,2185,449709100,-932615600,244,,0,3620,0
7900856229,120220920,2022-09-20T11:38:50.997Z,2494,449452200,-930973300,226,,0,3456,135
7900856230,120220920,2022-09-20T11:38:51.047Z,5395,448459000,-932478100,242,0,35,2271,-75
7900856231,120220920,2022-09-20T11:38:51.047Z,3947,450073000,-933852800,244,92,40,1190,-135
7900856232,120220920,2022-09-20T11:38:51.047Z,4010,449349600,-932701800,244,0,20,1982,-45
7900856233,120220920,2022-09-20T11:38:51.093Z,2582,448838600,-932529800,162,,0,1402,0
7900856234,120220920,2022-09-20T11:38:51.123Z,5218,448555600,-933522600,242,344,15,1815,45
7900856235,120220920,2022-09-20T11:38:51.167Z,2605,448618700,-933272700,226,,0,2032,0
7900856236,120220920,2022-09-20T11:38:51.193Z,5038,452058300,-933715300,242,332,20,2665,0
7900856237,120220920,2022-09-20T11:38:51.193Z,4157,451989400,-933927600,226,128,15,2039,45
7900856238,120220920,2022-09-20T11:38:51.203Z,2281,449907600,-930965000,226,180,5,2388,0
7900856239,120220920,2022-09-20T11:38:51.203Z,2629,450148500,-930198400,226,8,30,3256,-60
7900856240,120220920,2022-09-20T11:38:51.203Z,3743,448362000,-932784200,228,0,25,2976,-60
7900856241,120220920,2022-09-20T11:38:51.230Z,3824,449627500,-932668700,230,268,25,1572,60
7900856242,120220920,2022-09-20T11:38:51.247Z,2124,450133800,-931684100,242,308,15,427,-45
7900856243,120220920,2022-09-20T11:38:51.280Z,4022,447068200,-932844100,210,,0,0,-720
7900856244,120220920,2022-09-20T11:38:51.337Z,2642,449196900,-932163500,226,,0,2646,-285
7900856245,120220920,2022-09-20T11:38:51.380Z,2525,451662700,-933614700,226,92,25,2384,-105
7900856246,120220920,2022-09-20T11:38:51.410Z,2439,449785700,-932621700,244,304,10,1083,15
7900856247,120220920,2022-09-20T11:38:51.430Z,2498,449028300,-930655400,162,184,60,2559,0
7900856248,120220920,2022-09-20T11:38:51.470Z,2578,449484400,-929908900,226,96,60,667,360
7900856249,120220920,2022-09-20T11:38:51.487Z,3944,451898000,-933989000,180,,0,1993,0
7900856250,120220920,2022-09-20T11:38:51.493Z,3931,449830600,-932649600,241,300,10,3046,15
7900856251,120220920,2022-09-20T11:38:51.493Z,4067,449021100,-932033200,226,,0,1958,0
7900856252,120220920,2022-09-20T11:38:51.497Z,3744,449827800,-932679700,241,0,0,2641,-300
7900856253,120220920,2022-09-20T11:38:51.537Z,3999,450340200,-932651500,244,180,20,1634,-255
7900922716,120220920,2022-09-20T12:01:25.050Z,3861,449722000,-932714900,110,,0,1954,0
7900922717,120220920,2022-09-20T12:01:25.060Z,2275,449892800,-932514600,226,116,1,981,0
7900922718,120220920,2022-09-20T12:01:25.077Z,2678,449637400,-930883300,171,40,0,0,0
7900922719,120220920,2022-09-20T12:01:25.077Z,2127,449136000,-931405700,242,,0,1315,0
7900922720,120220920,2022-09-20T12:01:25.077Z,2589,448694100,-932781800,226,0,25,2122,-75
7900922721,120220920,2022-09-20T12:01:25.133Z,2531,450780100,-933919200,226,168,30,1013,-90
7900922722,120220920,2022-09-20T12:01:25.143Z,3677,449902400,-932497200,228,64,15,1003,-105
7900922723,120220920,2022-09-20T12:01:25.150Z,2642,449183900,-932060800,226,136,25,2765,-165
7900922724,120220920,2022-09-20T12:01:25.153Z,3872,448835100,-932576900,242,,0,3497,-15
7900922725,120220920,2022-09-20T12:01:25.163Z,2548,448815800,-933223800,226,,0,3116,0
7900922726,120220920,2022-09-20T12:01:25.170Z,2134,448246400,-932905600,242,156,5,1951,-30
7900922727,120220920,2022-09-20T12:01:25.187Z,2511,449435900,-930049900,242,180,25,3644,-30
7900922728,120220920,2022-09-20T12:01:25.187Z,2525,450730000,-932864800,226,168,30,3331,45
7900922729,120220920,2022-09-20T12:01:25.197Z,3996,449712900,-930735700,244,180,20,3267,15
7900922730,120220920,2022-09-20T12:01:25.217Z,2538,450771800,-933117200,110,,0,192,0
7900922731,120220920,2022-09-20T12:01:25.340Z,3583,449357200,-933485800,226,80,20,2114,-105
7900922732,120220920,2022-09-20T12:01:25.397Z,5367,448640000,-933474000,242,,0,1789,-285
7900922733,120220920,2022-09-20T12:01:25.397Z,4126,449472000,-930938400,226,,0,679,165
7900922734,120220920,2022-09-20T12:01:25.413Z,5381,449496500,-930885400,230,240,15,3270,720
7900922735,120220920,2022-09-20T12:01:25.480Z,2390,448628800,-932438200,180,,0,55,0
7900922736,120220920,2022-09-20T12:01:25.480Z,2062,449852461,-932822118,46,,0,0,0
7900922737,120220920,2022-09-20T12:01:25.490Z,3908,449624100,-932478100,228,96,20,2782,30
7900922738,120220920,2022-09-20T12:01:25.507Z,2582,449143900,-932523800,162,0,10,1742,0
7900922739,120220920,2022-09-20T12:01:25.540Z,2338,449179700,-931871300,244,,0,6588,-60
7900922740,120220920,2022-09-20T12:01:25.547Z,4091,449882600,-932372600,226,208,25,2952,45
7900922741,120220920,2022-09-20T12:01:25.553Z,3889,449582300,-930737000,228,,0,5445,-75
7900922742,120220920,2022-09-20T12:01:25.553Z,4085,449038500,-931660600,226,,0,4029,-1470
7900922743,120220920,2022-09-20T12:01:25.560Z,5176,450118342,-934614353,162,,0,2855,-60
7900922744,120220920,2022-09-20T12:01:25.583Z,2602,449747400,-932740400,226,24,5,1515,-225
7900922745,120220920,2022-09-20T12:01:25.610Z,2576,448262600,-929557300,162,,0,4985,0
7900922746,120220920,2022-09-20T12:01:25.620Z,2596,449468000,-930858900,226,,0,1264,960
7900922747,120220920,2022-09-20T12:01:25.647Z,4066,450299200,-933395100,226,,0,3349,0
7900922748,120220920,2022-09-20T12:01:25.670Z,4141,449790800,-932705200,162,,0,2392,0
7900922749,120220920,2022-09-20T12:01:25.687Z,2552,450137300,-932880000,226,180,30,2766,120
7900922750,120220920,2022-09-20T12:01:25.710Z,2638,450057400,-934009900,226,180,50,4711,0
7900922751,120220920,2022-09-20T12:01:25.727Z,4045,449511700,-931012100,226,260,25,1602,-165
7900922752,120220920,2022-09-20T12:01:25.737Z,3673,449354600,-932907600,228,0,20,157,0
7900922753,120220920,2022-09-20T12:01:25.763Z,2604,449197500,-932522200,226,,0,1957,-210
7900922754,120220920,2022-09-20T12:01:25.813Z,3703,451168600,-932091400,241,64,25,3327,15
7900922755,120220920,2022-09-20T12:01:25.820Z,5393,448478900,-932828800,242,92,20,1727,-90
7900922756,120220920,2022-09-20T12:01:25.827Z,4072,448967600,-932750800,226,180,60,3729,900
7900922757,120220920,2022-09-20T12:01:25.837Z,4084,449483700,-932245300,226,92,5,522,-30
7900922758,120220920,2022-09-20T12:01:25.857Z,2177,450559300,-933218900,226,348,30,1031,-525
7900922759,120220920,2022-09-20T12:01:25.860Z,3912,449573600,-932317200,228,92,20,2566,-120
7900922760,120220920,2022-09-20T12:01:25.877Z,2545,450978600,-933412000,226,180,15,375,75
7900922761,120220920,2022-09-20T12:01:25.883Z,2620,449881100,-932080900,226,268,25,824,-30
7900922762,120220920,2022-09-20T12:01:25.907Z,2622,449716700,-932566200,226,,0,4250,-30
7900922763,120220920,2022-09-20T12:01:25.933Z,2515,450072200,-933632000,242,92,25,2648,-105
7900922764,120220920,2022-09-20T12:01:25.940Z,3947,450606400,-934125700,244,,0,1736,-510
7900922765,120220920,2022-09-20T12:01:25.957Z,2656,450914000,-934369400,233,284,0,4002,-510
7900922766,120220920,2022-09-20T12:01:25.983Z,3897,449648300,-931057700,228,,0,2831,-120
7900922767,120220920,2022-09-20T12:01:25.990Z,4183,449662795,-930909362,14,,0,65535,-60
7900922768,120220920,2022-09-20T12:01:26.003Z,2070,449736100,-932832400,226,60,25,915,60
7900922769,120220920,2022-09-20T12:01:26.027Z,3924,450204700,-933351700,228,,0,2051,-105
7900922770,120220920,2022-09-20T12:01:26.030Z,5387,450356500,-932035800,242,92,30,2778,0
7900922771,120220920,2022-09-20T12:01:26.033Z,2276,448972300,-934045600,226,344,20,3163,180
7900922772,120220920,2022-09-20T12:01:26.047Z,3860,449720900,-930837500,228,192,5,3493,-45
7900922773,120220920,2022-09-20T12:01:26.083Z,4010,449787100,-932709800,244,4,1,2336,-105
7900922774,120220920,2022-09-20T12:01:26.103Z,4147,451222300,-932639200,226,180,45,3053,-90
7900922775,120220920,2022-09-20T12:01:26.240Z,3628,450286800,-930238200,164,,0,4169,0
7900922776,120220920,2022-09-20T12:01:26.247Z,3930,449226400,-931343300,228,228,30,1751,-270
7900922777,120220920,2022-09-20T12:01:26.297Z,2522,449708800,-933725600,226,,0,563,180
7900922778,120220920,2022-09-20T12:01:26.307Z,2118,449841600,-931566800,242,0,20,2909,-105
7900922779,120220920,2022-09-20T12:01:26.313Z,3999,449809500,-932689400,246,,0,2109,-345
7900922780,120220920,2022-09-20T12:01:26.317Z,2124,450445100,-931238200,242,168,25,1205,-135
7900922781,120220920,2022-09-20T12:01:26.327Z,2075,449714800,-933816600,226,116,20,2062,60
7900922782,120220920,2022-09-20T12:01:26.333Z,4080,449496000,-933610800,226,92,1,1278,30
7900922783,120220920,2022-09-20T12:01:26.340Z,2110,450299700,-933399000,242,,0,3743,0
7900922784,120220920,2022-09-20T12:01:26.397Z,2566,449484500,-932649500,226,,0,3576,0
7900922785,120220920,2022-09-20T12:01:26.403Z,3944,451663000,-933812100,244,92,15,2283,-90
7900922786,120220920,2022-09-20T12:01:26.407Z,4064,450595500,-933180400,226,,0,2182,0
7900922787,120220920,2022-09-20T12:01:26.413Z,5369,447751900,-933143300,178,108,35,50,0
7900922788,120220920,2022-09-20T12:01:26.450Z,5401,448335000,-932887800,242,180,10,3025,-180
7900922789,120220920,2022-09-20T12:01:26.453Z,2204,450335700,-933085700,244,,0,2960,-30
7900922790,120220920,2022-09-20T12:01:26.490Z,2439,448653400,-933024400,244,212,15,2036,15
7900922791,120220920,2022-09-20T12:01:26.520Z,3755,450147300,-932956000,228,180,25,3455,-75
7900922792,120220920,2022-09-20T12:01:26.660Z,3951,450546700,-933215900,244,352,15,1731,-270
7900922793,120220920,2022-09-20T12:01:26.660Z,2181,450348100,-933085500,244,0,30,2698,-60
7900922794,120220920,2022-09-20T12:01:26.667Z,5347,448407300,-930221300,244,,0,4234,0
7900922795,120220920,2022-09-20T12:01:26.707Z,3735,449876300,-932303600,226,0,1,508,-285
7900922796,120220920,2022-09-20T12:01:26.730Z,3881,449793800,-932631100,225,0,0,141,240
7900922797,120220920,2022-09-20T12:01:26.737Z,3841,448989700,-932883500,162,,0,614,0
7900922798,120220920,2022-09-20T12:01:26.743Z,3751,450591600,-932477400,228,,0,2068,-120
7900922799,120220920,2022-09-20T12:01:26.743Z,5350,449663100,-932484700,228,292,50,2398,225
7900922800,120220920,2022-09-20T12:01:26.760Z,3987,449513700,-930873000,244,,0,1807,-90
7900922801,120220920,2022-09-20T12:01:26.770Z,2625,449620900,-931932800,226,120,40,3390,-225
7900922802,120220920,2022-09-20T12:01:26.807Z,2385,449780300,-932619000,246,,0,4603,0
7900922803,120220920,2022-09-20T12:01:26.853Z,2508,449329400,-930113100,242,80,30,2191,-105
7900922804,120220920,2022-09-20T12:01:26.857Z,2677,449503200,-930059100,162,100,50,1361,0
7900922805,120220920,2022-09-20T12:01:26.900Z,2603,449708700,-933728000,226,,0,1933,0
7900922806,120220920,2022-09-20T12:01:26.903Z,3864,449531500,-930124000,228,,0,3584,0
7900922807,120220920,2022-09-20T12:01:26.923Z,2121,450333500,-933943100,242,92,30,3246,-105
7900922808,120220920,2022-09-20T12:01:26.927Z,4090,449218400,-933290500,226,8,5,1023,-120
7900922809,120220920,2022-09-20T12:01:26.933Z,2600,449483600,-932682400,226,,0,1530,-225
7900922810,120220920,2022-09-20T12:01:26.967Z,2626,449498300,-932977100,226,,0,1362,300
7900922811,120220920,2022-09-20T12:01:26.977Z,3838,449726800,-932182700,242,,0,1872,0
7900922812,120220920,2022-09-20T12:01:26.983Z,4006,449693500,-933216100,244,180,5,1617,0
7900922813,120220920,2022-09-20T12:01:26.983Z,3795,449665200,-932778000,228,0,25,2541,60
7900922814,120220920,2022-09-20T12:01:26.990Z,3891,448834600,-932749300,228,88,30,2649,15
7900922815,120220920,2022-09-20T12:01:27.093Z,4063,449987200,-932941200,226,0,10,3298,-345
7900922816,120220920,2022-09-20T12:01:27.097Z,2487,449876300,-932602000,226,220,25,1747,-105
7900922817,120220920,2022-09-20T12:01:27.110Z,4057,449854800,-932821800,162,,0,18,0
7900922818,120220920,2022-09-20T12:01:27.153Z,4005,450424000,-932470000,244,,0,1446,0
7900922819,120220920,2022-09-20T12:01:27.153Z,2679,449652000,-930875800,46,,0,8,0
7900922820,120220920,2022-09-20T12:01:27.157Z,3582,450409800,-932594400,228,272,30,4239,-30
7900922821,120220920,2022-09-20T12:01:27.160Z,2557,449550900,-932524800,226,180,10,2752,-225
7900922822,120220920,2022-09-20T12:01:27.160Z,2588,448929600,-932883400,226,180,15,4225,-60
7900922823,120220920,2022-09-20T12:01:27.187Z,5218,448630400,-933659100,242,68,20,2307,75
7900922824,120220920,2022-09-20T12:01:27.193Z,2556,449630400,-932330100,226,,0,2151,-135
7900922825,120220920,2022-09-20T12:01:27.197Z,2519,450596700,-933188500,226,,0,3004,0
7900922826,120220920,2022-09-20T12:01:27.203Z,2440,449796800,-932636200,244,120,15,2806,135
7900922827,120220920,2022-09-20T12:01:27.207Z,5038,452007400,-933872000,242,0,20,3002,-75
7900922828,120220920,2022-09-20T12:01:27.223Z,4162,451204900,-933081300,226,340,50,3115,690
7900922829,120220920,2022-09-20T12:01:27.257Z,2586,449002300,-932008500,226,,0,2004,30
7900949164,120220920,2022-09-20T12:09:58.487Z,2070,449791900,-932704500,228,0,15,1016,165
7900949165,120220920,2022-09-20T12:09:58.497Z,3984,449400400,-931563500,244,272,10,2892,-15
7900949166,120220920,2022-09-20T12:09:58.497Z,4182,449859400,-932850500,148,,0,29267,0
7900949167,120220920,2022-09-20T12:09:58.497Z,3879,450354300,-933089600,228,96,10,2069,-150
7900949168,120220920,2022-09-20T12:09:58.513Z,3789,449859800,-932620100,228,64,25,2670,-255
7900949169,120220920,2022-09-20T12:09:58.550Z,3677,449739400,-932272500,228,,0,1201,-150
7900949170,120220920,2022-09-20T12:09:58.653Z,2116,450042600,-929847800,242,180,35,3668,-240
7900949171,120220920,2022-09-20T12:09:58.667Z,2620,449744400,-932369500,226,180,1,1030,-45
7900949172,120220920,2022-09-20T12:09:58.667Z,2200,449709400,-932615600,244,,0,1783,0
7900949173,120220920,2022-09-20T12:09:58.667Z,3690,448636800,-932240400,164,,0,105,0
7900949174,120220920,2022-09-20T12:09:58.670Z,5217,448620200,-932445600,178,92,45,1067,0
7900949175,120220920,2022-09-20T12:09:58.673Z,5392,449627400,-932396900,242,272,30,14630,45
7900949176,120220920,2022-09-20T12:09:58.673Z,5389,449992500,-933185100,242,356,10,1158,0
7900949177,120220920,2022-09-20T12:09:58.740Z,5126,448681500,-933634200,242,0,20,3293,-30
7900949178,120220920,2022-09-20T12:09:58.747Z,4147,450644100,-932625100,226,,0,3454,-60
