"location_ping_id","date","timestamp","trip_id_performed","stop_sequence","vehicle_id","latitude","longitude","heading","speed","odometer","schedule_deviation","gps_quality"
"7900607164",2022-09-20,02:59:37,,,"2515",44.98696,-93.20902,,0,0,0,"Excellent"
"7900607168",2022-09-20,02:59:38,,,"4126",44.96376,-93.08886,0,0.44704,18008,0,"Good"
"7900607169",2022-09-20,02:59:39,,,"3965",44.98688,-93.20884,,0,0,0,"Excellent"
"7900607170",2022-09-20,02:59:39,,,"5192",44.9864007,-93.2093872,,0,0,-60,"Good"
"7900607173",2022-09-20,02:59:41,,,"3668",44.98721,-93.20898,,0,0,0,"Good"
"7900607175",2022-09-20,02:59:42,,,"5032",44.98713,-93.20904,,0,0,0,"Excellent"
"7900607176",2022-09-20,02:59:42,,,"2168",44.98688,-93.20924,,0,0,0,"Excellent"
"7900607177",2022-09-20,02:59:42,,,"2679",44.9643,-93.08813,,0,0,0,"Poor"
"7900607178",2022-09-20,02:59:43,,,"4065",45.07743,-93.31318,,0,14049,0,"Good"
"7900607179",2022-09-20,02:59:43,,,"3947",44.9854,-93.2841,,0,41939,0,"Good"
"7900607182",2022-09-20,02:59:44,,,"2531",45.07753,-93.31133,,0,434,0,"Poor"
"7900607184",2022-09-20,02:59:44,,,"5346",44.9648,-93.0879,,0,482,0,"Good"
"7900607185",2022-09-20,02:59:44,,,"3880",44.98621,-93.28382,,0,0,0,"Poor"
"7900607186",2022-09-20,02:59:44,,,"3894",44.96434,-93.08908,,0,0,0,"Poor"
"7900607187",2022-09-20,02:59:44,,,"5203",44.9869329,-93.2095528,,0,0,-60,"Poor"
"7900607188",2022-09-20,02:59:44,,,"5382",44.96389,-93.08865,,0,184736,0,"Good"
"7900607189",2022-09-20,02:59:44,,,"3667",44.98731,-93.20875,,0,0,0,"Good"
"7900607190",2022-09-20,02:59:45,,,"2612",44.93286,-93.07177,344,22.352,22981,0,"Excellent"
"7900607191",2022-09-20,02:59:45,,,"5202",44.9861589,-93.2093442,,0,0,-60,"Good"
"7900607192",2022-09-20,02:59:45,,,"2506",44.98734,-93.20886,,0,0,0,"Excellent"
"7900607195",2022-09-20,02:59:45,,,"4111",44.9583039,-93.243807,,0,1054683,-60,"Excellent"
"7900607197",2022-09-20,02:59:48,,,"4113",44.9790244,-93.2681497,,0,1054683,-60,"Poor"
"7900607198",2022-09-20,02:59:48,,,"3965",44.98688,-93.20884,,0,0,0,"Excellent"
"7900607200",2022-09-20,02:59:50,,,"2679",44.9643,-93.08813,,0,0,0,"Poor"
"7900607201",2022-09-20,02:59:51,,,"4065",45.07744,-93.31318,148,0.44704,14049,0,"Good"
"7900607202",2022-09-20,02:59:51,,,"5345",44.9637,-93.08859,,0,432253,0,"Good"
"7900607203",2022-09-20,02:59:51,,,"3947",44.9854,-93.28411,,0,41939,0,"Good"
"7900607204",2022-09-20,02:59:52,,,"2531",45.07753,-93.31133,,0,434,0,"Poor"
"7900607205",2022-09-20,02:59:52,,,"5346",44.9648,-93.0879,,0,482,0,"Good"
"7900607208",2022-09-20,02:59:53,,,"2612",44.93491,-93.07277,340,26.8224,23190,0,"Excellent"
"7900607209",2022-09-20,02:59:53,,,"2506",44.98734,-93.20886,,0,0,0,"Excellent"
"7900607210",2022-09-20,02:59:53,,,"3880",44.98621,-93.28382,,0,0,0,"Poor"
"7900607211",2022-09-20,02:59:53,,,"3894",44.96435,-93.08907,,0,0,0,"Poor"
"7900607212",2022-09-20,02:59:53,,,"5215",44.98634,-93.20902,,0,0,0,"Excellent"
"7900607216",2022-09-20,02:59:54,,,"4162",45.07728,-93.31058,,0,0,0,"Good"
"7900607217",2022-09-20,02:59:55,,,"2488",44.9637,-93.08867,,0,0,0,"Excellent"
"7900607220",2022-09-20,02:59:57,,,"3965",44.98688,-93.20884,,0,0,0,"Excellent"
"7900607223",2022-09-20,02:59:58,,,"2679",44.9643,-93.08813,,0,0,0,"Poor"
"7900607224",2022-09-20,02:59:59,,,"4065",45.07741,-93.31319,,0,14049,0,"Good"
"7900607225",2022-09-20,02:59:59,,,"3947",44.98544,-93.28417,,0,41939,0,"Good"
"7900607226",2022-09-20,03:00:00,,,"2531",45.07753,-93.31133,,0,434,0,"Poor"
"7900607227",2022-09-20,03:00:00,,,"5346",44.9648,-93.0879,,0,482,0,"Good"
"7900607228",2022-09-20,03:00:01,,,"2612",44.9367,-93.07374,340,22.352,23415,0,"Excellent"
"7900607229",2022-09-20,03:00:01,,,"2506",44.98734,-93.20886,,0,0,0,"Excellent"
"7900607233",2022-09-20,03:00:02,,,"4113",44.9790244,-93.2681497,,0,1054683,-60,"Poor"
"7900607234",2022-09-20,03:00:02,,,"3880",44.98621,-93.28382,,0,0,0,"Poor"
"7900607236",2022-09-20,03:00:02,,,"3894",44.96427,-93.08917,,0,0,0,"Poor"
"7900607237",2022-09-20,03:00:03,,,"2488",44.96375,-93.08874,,0,0,0,"Good"
"7900607238",2022-09-20,03:00:03,,,"5033",44.98654,-93.20899,,0,0,0,"Excellent"
"7900607239",2022-09-20,03:00:05,,,"3946",44.98545,-93.28231,,0,11201,0,"Good"
"7900607240",2022-09-20,03:00:05,,,"3656",45.3282061,-93.7194795,,0,0,-60,"Excellent"
"7900607241",2022-09-20,03:00:05,,,"5387",44.98719,-93.20896,,0,0,0,"Excellent"
"7900607242",2022-09-20,03:00:06,,,"4090",44.94617,-93.27915,,0,231504,0,"Excellent"
"7900607244",2022-09-20,03:00:06,,,"3965",44.98688,-93.20884,,0,0,0,"Excellent"
"7900607245",2022-09-20,03:00:06,,,"5219",44.98735,-93.20904,,0,0,0,"Excellent"
"7900607246",2022-09-20,03:00:07,,,"5389",44.98645,-93.20899,,0,0,0,"Excellent"
"7900607247",2022-09-20,03:00:07,,,"4065",45.07747,-93.31321,12,0.44704,14049,0,"Good"
"7900607248",2022-09-20,03:00:07,,,"3947",44.98542,-93.2843,208,0.44704,41939,0,"Good"
"7900607249",2022-09-20,03:00:08,,,"2531",45.07753,-93.31133,,0,434,0,"Poor"
"7900607251",2022-09-20,03:00:08,,,"5346",44.9648,-93.0879,,0,482,0,"Good"
"7900607252",2022-09-20,03:00:08,,,"2508",44.98727,-93.20882,,0,0,0,"Excellent"
"7900607253",2022-09-20,03:00:09,,,"2612",44.93844,-93.07468,340,22.352,23609,0,"Excellent"
"7900607254",2022-09-20,03:00:09,,,"2506",44.98734,-93.20886,,0,0,0,"Excellent"
"7900607261",2022-09-20,03:00:11,,,"2679",44.9643,-93.08813,,0,0,0,"Poor"
"7900607262",2022-09-20,03:00:11,,,"2497",44.9647,-93.0883,,0,350676,0,"Poor"
"7900607264",2022-09-20,03:00:11,,,"3880",44.98621,-93.28382,,0,0,0,"Poor"
"7900607265",2022-09-20,03:00:11,,,"3894",44.96418,-93.08929,,0,0,0,"Poor"
"7900607266",2022-09-20,03:00:12,,,"2504",44.98708,-93.20896,,0,0,0,"Excellent"
"7900607267",2022-09-20,03:00:14,,,"6140",44.98698,-93.20922,,0,0,0,"Excellent"
"7900607268",2022-09-20,03:00:14,,,"3965",44.98688,-93.20884,,0,0,0,"Excellent"
"7900607271",2022-09-20,03:00:14,,,"2679",44.9643,-93.08813,,0,0,0,"Poor"
"7900607272",2022-09-20,03:00:15,,,"4065",45.07746,-93.31319,,0,14049,0,"Good"
"7900607273",2022-09-20,03:00:15,,,"3947",44.98553,-93.28437,332,0.44704,41939,0,"Good"
"7900607274",2022-09-20,03:00:16,,,"2531",45.07753,-93.31133,,0,434,0,"Poor"
"7900607275",2022-09-20,03:00:16,,,"5200",44.9870624,-93.2098438,,0,0,-60,"Good"
"7900607276",2022-09-20,03:00:16,,,"5346",44.9648,-93.0879,,0,482,0,"Good"
"7900607277",2022-09-20,03:00:17,,,"2612",44.93986,-93.07545,340,22.352,23802,0,"Excellent"
"7900637260",2022-09-20,04:41:16,,,"3955",44.94536,-93.27937,,0,0,0,"Good"
"7900637261",2022-09-20,04:41:16,,,"3837",45.06961,-93.31951,176,6.7056,1561,315,"Excellent"
"7900637262",2022-09-20,04:41:16,,,"4091",44.94582,-93.27896,,0,0,450,"Excellent"
"7900637263",2022-09-20,04:41:16,,,"3828",44.98412,-93.26732,,0,7016,465,"Good"
"7900637264",2022-09-20,04:41:16,,,"4085",44.94659,-93.13206,88,8.9408,17380,105,"Excellent"
"7900637265",2022-09-20,04:41:16,,,"4066",44.99947,-93.29917,,0,13277,-60,"Excellent"
"7900637266",2022-09-20,04:41:17,,,"2566",44.94998,-93.29783,,0,20068,-105,"Excellent"
"7900637267",2022-09-20,04:41:17,,,"2072",44.98612,-93.28481,,0,0,0,"Good"
"7900637268",2022-09-20,04:41:17,,,"4043",44.99675,-93.23722,180,11.176,22144,-105,"Excellent"
"7900637269",2022-09-20,04:41:17,,,"3983",44.96507,-93.09003,196,20.1168,1223,-30,"Good"
"7900637270",2022-09-20,04:41:18,,,"3997",44.93998,-93.13965,92,8.9408,20744,-90,"Good"
"7900637271",2022-09-20,04:41:18,,,"3813",44.94554,-93.27828,,0,7258,0,"Poor"
"7900637272",2022-09-20,04:41:18,,,"2625",44.95183,-93.12984,272,26.8224,5423,-15,"Excellent"
"7900637273",2022-09-20,04:41:18,,,"3721",45.00725,-93.257,180,11.176,13679,-135,"Excellent"
"7900637274",2022-09-20,04:41:18,,,"3732",44.81211,-93.29886,184,0.44704,25427,-90,"Good"
"7900637275",2022-09-20,04:41:18,,,"3865",44.94479,-93.09171,144,2.2352,15868,-45,"Good"
"7900637276",2022-09-20,04:41:18,,,"4099",44.94662,-93.27026,,0,8384,-60,"Excellent"
"7900637277",2022-09-20,04:41:18,,,"3982",44.96624,-93.08829,,0,305,435,"Good"
"7900637278",2022-09-20,04:41:18,,,"3743",44.96139,-93.2778,0,8.9408,16367,30,"Excellent"
"7900637279",2022-09-20,04:41:18,,,"2338",44.92098,-93.22044,,0,45850,0,"Good"
"7900637281",2022-09-20,04:41:18,,,"3803",44.86392,-93.2423,,0,225,0,"Excellent"
"7900637282",2022-09-20,04:41:18,,,"2606",44.94355,-93.3485,236,20.1168,6276,45,"Excellent"
"7900637283",2022-09-20,04:41:18,,,"3736",44.96511,-93.28172,72,22.352,3524,0,"Good"
"7900637284",2022-09-20,04:41:18,,,"3819",44.88804,-93.35028,180,20.1168,29257,0,"Excellent"
"7900637285",2022-09-20,04:41:18,,,"4186",45.0688934,-93.2695947,,0,1054683,-60,"Excellent"
"7900637286",2022-09-20,04:41:18,,,"4054",44.9912,-93.32639,,0,4248,-75,"Excellent"
"7900637287",2022-09-20,04:41:18,,,"4037",44.97738,-93.11356,88,15.6464,18282,-90,"Excellent"
"7900637288",2022-09-20,04:41:19,,,"5018",44.77734,-93.31661,,0,16,0,"Poor"
"7900637289",2022-09-20,04:41:19,,,"3859",45.00971,-93.12663,268,26.8224,9253,0,"Excellent"
"7900637290",2022-09-20,04:41:19,,,"3815",45.05898,-93.31086,,0,35421,-1050,"Excellent"
"7900637291",2022-09-20,04:41:19,,,"2506",44.9873,-93.20888,,0,0,0,"Excellent"
"7900637292",2022-09-20,04:41:19,,,"2612",44.93954,-93.10943,228,6.7056,71181,-45,"Excellent"
"7900637293",2022-09-20,04:41:19,,,"2646",44.92017,-93.16701,356,4.4704,16222,-225,"Excellent"
"7900637294",2022-09-20,04:41:19,,,"2290",45.00554,-93.16669,176,8.9408,31800,-540,"Good"
"7900637295",2022-09-20,04:41:19,,,"2623",44.96569,-93.08982,192,17.8816,1126,0,"Excellent"
"7900637296",2022-09-20,04:41:19,,,"3889",44.9631,-93.04958,268,8.9408,37610,-30,"Good"
"7900637297",2022-09-20,04:41:19,,,"2185",45.00426,-93.30828,,0,21436,-75,"Good"
"7900637298",2022-09-20,04:41:19,,,"2662",44.86409,-93.2432,,0,0,0,"Good"
"7900637299",2022-09-20,04:41:20,,,"3755",44.87647,-93.26806,,0,14435,-225,"Excellent"
"7900637300",2022-09-20,04:41:20,,,"3879",44.86264,-93.24349,,0,0,0,"Excellent"
"7900637301",2022-09-20,04:41:20,,,"4032",44.95686,-93.02571,,0,11587,30,"Excellent"
"7900637302",2022-09-20,04:41:20,,,"3996",44.965,-93.0892,,0,96,0,"Good"
"7900637303",2022-09-20,04:41:20,,,"5019",44.95127,-93.2737,24,26.8224,24445,0,"Excellent"
"7900637304",2022-09-20,04:41:20,,,"3908",44.96191,-93.29213,,0,3942,555,"Excellent"
"7900637305",2022-09-20,04:41:20,,,"3749",44.98504,-93.28226,0,0,0,435,
"7900637306",2022-09-20,04:41:20,,,"3941",44.88961,-93.27818,180,13.4112,7258,-210,"Good"
"7900637307",2022-09-20,04:41:20,,,"2588",44.95724,-93.28793,,0,32315,45,"Excellent"
"7900637308",2022-09-20,04:41:20,,,"2553",44.86229,-93.24508,268,22.352,1448,120,"Excellent"
"7900637309",2022-09-20,04:41:20,,,"3701",44.96405,-93.08828,16,0,0,0,
"7900637310",2022-09-20,04:41:20,,,"5404",44.9842,-93.24183,28,22.352,31527,15,"Excellent"
"7900637311",2022-09-20,04:41:20,,,"3703",44.98421,-93.28283,,0,0,0,"Poor"
"7900637312",2022-09-20,04:41:20,,,"4102",44.97635,-93.25977,32,11.176,4731,60,"Excellent"
"7900637313",2022-09-20,04:41:21,,,"2674",44.99052,-93.28084,160,2.2352,1770,0,"Excellent"
"7900637314",2022-09-20,04:41:21,,,"2545",45.07751,-93.31164,,0,42196,0,"Excellent"
"7900637315",2022-09-20,04:41:21,,,"4063",44.99584,-93.29567,,0,11812,45,"Excellent"
"7900637316",2022-09-20,04:41:21,,,"3860",45.00818,-93.10538,284,6.7056,7499,225,"Excellent"
"7900637317",2022-09-20,04:41:21,,,"2601",44.93964,-93.27795,180,0.44704,675,-315,"Excellent"
"7900637319",2022-09-20,04:41:21,,,"5347",44.89149,-93.08052,0,4.4704,22949,-90,"Good"
"7900637320",2022-09-20,04:41:21,,,"2279",44.95211,-93.22033,0,6.7056,12794,-210,"Excellent"
"7900637321",2022-09-20,04:41:21,,,"3864",44.95197,-93.0682,96,22.352,4490,75,"Excellent"
"7900637322",2022-09-20,04:41:21,,,"4147",45.01072,-93.28232,0,26.8224,3685,570,"Excellent"
"7900637323",2022-09-20,04:41:21,,,"2549",44.94826,-93.2983,,0,18797,-165,"Excellent"
"7900637324",2022-09-20,04:41:21,,,"4144",44.85394,-93.23774,,0,35582,-3585,"Excellent"
"7900637325",2022-09-20,04:41:21,,,"2609",44.93426,-93.22974,,0,8851,-45,"Excellent"
"7900637326",2022-09-20,04:41:22,,,"3795",44.8726,-93.27813,,0,6356,30,"Excellent"
"7900637327",2022-09-20,04:41:22,,,"2622",44.97533,-93.25272,,0,22064,60,"Excellent"
"7900637328",2022-09-20,04:41:22,,,"2552",44.89813,-93.22718,88,15.6464,5890,30,"Excellent"
"7900637329",2022-09-20,04:41:22,,,"4159",45.20365,-93.34973,292,26.8224,22225,330,"Excellent"
"7900637330",2022-09-20,04:41:22,,,"4056",44.97803,-93.28103,184,15.6464,1271,0,"Excellent"
"7900637331",2022-09-20,04:41:22,,,"3582",45.01344,-93.27015,184,0.44704,22530,-75,"Excellent"
"7900637332",2022-09-20,04:41:22,,,"2524",44.98397,-93.27779,44,8.9408,498,135,"Excellent"
"7900637333",2022-09-20,04:41:22,,,"2561",44.98941,-93.28753,24,13.4112,1126,180,"Excellent"
"7900637334",2022-09-20,04:41:22,,,"3707",44.97756,-93.0658,,0,32991,-15,"Excellent"
"7900637335",2022-09-20,04:41:22,,,"3797",44.94821,-93.26263,,0,15626,-105,"Good"
"7900637336",2022-09-20,04:41:22,,,"2084",44.94841,-93.2087,268,11.176,13164,0,"Excellent"
"7900637337",2022-09-20,04:41:22,,,"3980",44.97769,-93.08371,184,0.44704,9028,-495,"Good"
"7900637339",2022-09-20,04:41:22,,,"2535",45.09328,-93.37953,,0,6405,1155,"Excellent"
"7900637340",2022-09-20,04:41:23,,,"2627",44.96382,-93.08804,28,0.44704,48,0,"Good"
"7900637341",2022-09-20,04:41:23,,,"3722",44.94927,-93.29985,272,13.4112,2317,0,"Good"
"7900637342",2022-09-20,04:41:23,,,"2494",44.95004,-93.08073,236,11.176,17397,60,"Excellent"
"7900637343",2022-09-20,04:41:23,,,"2335",44.90239,-93.27464,0,26.8224,8336,0,"Good"
"7900637344",2022-09-20,04:41:23,,,"2629",44.96659,-93.09069,0,6.7056,563,-225,"Good"
"7900637345",2022-09-20,04:41:23,,,"5034",44.98725,-93.209,,0,0,0,"Excellent"
"7900637346",2022-09-20,04:41:23,,,"2281",44.97191,-93.27197,212,0,2236,345,"Good"
"7900637347",2022-09-20,04:41:23,,,"2511",44.95213,-93.09657,56,20.1168,12134,495,"Excellent"
"7900637348",2022-09-20,04:41:23,,,"3758",45.07684,-93.26341,0,15.6464,17622,60,"Good"
"7900637349",2022-09-20,04:41:23,,,"2663",44.86007,-93.23779,180,15.6464,1174,180,"Excellent"
"7900637350",2022-09-20,04:41:23,,,"3872",44.86007,-93.24639,268,13.4112,3250,15,"Excellent"
"7900637351",2022-09-20,04:41:23,,,"2591",44.98994,-93.25417,244,8.9408,21822,60,"Excellent"
"7900637352",2022-09-20,04:41:24,,,"3715",44.96714,-93.27426,88,11.176,2880,405,"Good"
"7900637353",2022-09-20,04:41:24,,,"2683",44.85407,-93.23862,180,0,23930,0,
"7900637354",2022-09-20,04:41:24,,,"2548",44.87691,-93.32106,,0,9012,705,"Excellent"
"7900637355",2022-09-20,04:41:24,,,"3858",44.91268,-93.1669,316,4.4704,10846,0,"Excellent"
"7900637356",2022-09-20,04:41:24,,,"3955",44.94538,-93.27936,,0,0,0,"Good"
"7900637357",2022-09-20,04:41:24,,,"4091",44.94585,-93.27894,,0,0,450,"Excellent"
"7900637358",2022-09-20,04:41:24,,,"3895",44.95017,-93.08782,,0,2929,0,"Good"
"7900637359",2022-09-20,04:41:24,,,"4001",44.94931,-93.30101,268,13.4112,2397,30,"Good"
"7900637360",2022-09-20,04:41:24,,,"3904",44.94736,-93.27024,,0,949,0,"Excellent"
"7900637361",2022-09-20,04:41:24,,,"4066",44.99948,-93.29918,,0,13277,-60,"Excellent"
"7900637362",2022-09-20,04:41:24,,,"4085",44.94659,-93.13099,88,8.9408,17461,105,"Excellent"
"7900637363",2022-09-20,04:41:24,,,"2566",44.94996,-93.29784,,0,20068,-120,"Excellent"
"7900637364",2022-09-20,04:41:25,,,"3796",44.89693,-93.17904,36,20.1168,12311,-75,"Excellent"
"7900637365",2022-09-20,04:41:25,,,"4043",44.99576,-93.23722,180,13.4112,22257,-90,"Excellent"
"7900637367",2022-09-20,04:41:25,,,"3837",45.06947,-93.3195,,0,1561,300,"Excellent"
"7900637368",2022-09-20,04:41:25,,,"5392",44.98715,-93.20886,,0,207267,0,"Excellent"
"7900637369",2022-09-20,04:41:25,,,"3828",44.98412,-93.26732,,0,7016,450,"Good"
"7900637370",2022-09-20,04:41:25,,,"3983",44.96355,-93.09054,192,20.1168,1400,-30,"Good"
"7900637371",2022-09-20,04:41:25,,,"3997",44.93997,-93.1386,92,8.9408,20824,-90,"Good"
"7900637372",2022-09-20,04:41:25,,,"2498",44.96426,-93.08839,116,0.44704,16,555,
"7900637373",2022-09-20,04:41:26,,,"2625",44.95185,-93.13264,272,26.8224,5632,0,"Excellent"
"7900679212",2022-09-20,05:18:28,,,"5019",45.01107,-93.16889,,0,38077,0,"Excellent"
"7900679213",2022-09-20,05:18:28,,,"3955",44.86201,-93.3288,,0,13550,90,"Good"
"7900679214",2022-09-20,05:18:28,,,"2597",44.90501,-93.31881,0,8.9408,14146,-45,"Excellent"
"7900679215",2022-09-20,05:18:28,,,"3983",44.89118,-93.08057,4,6.7056,23142,30,"Good"
"7900679216",2022-09-20,05:18:28,,,"2552",44.92849,-93.23212,0,11.176,16045,120,"Excellent"
"7900679217",2022-09-20,05:18:28,,,"3997",44.9533,-93.01255,,0,32959,0,"Good"
"7900679218",2022-09-20,05:18:28,,,"2561",45.14538,-93.18393,,0,28855,0,"Excellent"
"7900679219",2022-09-20,05:18:28,,,"4147",44.99053,-93.25271,244,11.176,22643,30,"Excellent"
"7900679220",2022-09-20,05:18:28,,,"5213",45.01011,-93.19867,92,26.8224,4071,0,"Excellent"
"7900679221",2022-09-20,05:18:28,,,"2684",44.96625,-93.12629,4,11.176,9205,-15,"Excellent"
"7900679222",2022-09-20,05:18:28,,,"2598",44.9487,-93.29832,176,8.9408,2462,-420,"Excellent"
"7900679223",2022-09-20,05:18:28,,,"4053",45.01168,-93.05133,92,22.352,8706,240,"Excellent"
"7900679224",2022-09-20,05:18:28,,,"4041",44.97238,-93.2718,216,0,2220,435,"Good"
"7900679225",2022-09-20,05:18:28,,,"3872",44.88351,-93.3096,88,8.9408,15723,-30,"Excellent"
"7900679226",2022-09-20,05:18:29,,,"3715",45.04063,-93.26313,172,2.2352,23963,-45,
"7900679227",2022-09-20,05:18:29,,,"2524",45.0347,-93.2881,0,11.176,10299,15,"Excellent"
"7900679228",2022-09-20,05:18:29,,,"2084",44.95003,-93.2978,,0,20470,180,"Excellent"
"7900679229",2022-09-20,05:18:29,,,"2285",44.93421,-93.21293,,0,10621,-75,"Excellent"
"7900679230",2022-09-20,05:18:29,,,"2071",44.97395,-93.49647,316,26.8224,18845,420,"Excellent"
"7900679231",2022-09-20,05:18:29,,,"4071",45.07282,-93.29556,92,11.176,1754,120,"Excellent"
"7900679232",2022-09-20,05:18:29,,,"4159",45.15087,-93.29716,112,20.1168,40925,0,"Excellent"
"7900679233",2022-09-20,05:18:29,,,"3858",44.92694,-93.15755,88,8.9408,22144,-240,"Good"
"7900679234",2022-09-20,05:18:29,,,"2535",45.0602,-93.31821,124,4.4704,15771,75,"Excellent"
"7900679235",2022-09-20,05:18:29,,,"2277",44.94141,-93.21271,352,2.2352,11120,15,"Excellent"
"7900679236",2022-09-20,05:18:29,,,"2201",44.98433,-93.2996,92,13.4112,24317,30,"Good"
"7900679237",2022-09-20,05:18:29,,,"3982",44.97236,-93.06594,0,11.176,9205,-105,"Good"
"7900679238",2022-09-20,05:18:29,,,"2687",45.01242,-93.16772,8,6.7056,13405,-15,"Excellent"
"7900679239",2022-09-20,05:18:29,,,"2642",44.89418,-93.19145,304,22.352,7531,240,"Excellent"
"7900679240",2022-09-20,05:18:29,,,"4178",44.94513,-93.27888,280,0.44704,0,0,"Good"
"7900679241",2022-09-20,05:18:29,,,"2652",45.10726,-93.46437,300,26.8224,14451,0,"Poor"
"7900679242",2022-09-20,05:18:29,,,"2338",45.01256,-93.1685,,0,61750,0,"Good"
"7900679243",2022-09-20,05:18:29,,,"4063",44.93887,-93.26762,176,8.9408,19859,-135,"Excellent"
"7900679244",2022-09-20,05:18:29,,,"3895",44.9555,-93.15686,0,0,11571,-210,
"7900679245",2022-09-20,05:18:29,,,"2494",44.94582,-93.01506,180,8.9408,27407,0,"Excellent"
"7900679246",2022-09-20,05:18:29,,,"2181",45.01309,-93.30817,0,0.44704,11844,-270,"Good"
"7900679247",2022-09-20,05:18:29,,,"3956",44.94591,-93.27902,,0,289,0,"Good"
"7900679248",2022-09-20,05:18:29,,,"2633",44.96383,-93.08773,84,0,0,0,"Poor"
"7900679249",2022-09-20,05:18:29,,,"2511",44.93223,-93.01354,52,4.4704,33554,0,"Excellent"
"7900679250",2022-09-20,05:18:29,,,"3758",45.06442,-93.25344,92,13.4112,31076,-300,
"7900679251",2022-09-20,05:18:29,,,"2629",44.97856,-93.0254,180,11.176,24381,-105,"Excellent"
"7900679252",2022-09-20,05:18:30,,,"2281",44.98462,-93.13357,92,8.9408,15433,15,"Excellent"
"7900679253",2022-09-20,05:18:30,,,"2605",44.97358,-93.21838,296,6.7056,9559,-30,"Excellent"
"7900679254",2022-09-20,05:18:30,,,"2663",44.84181,-93.24463,352,8.9408,34262,-15,"Excellent"
"7900679255",2022-09-20,05:18:30,,,"2498",44.89878,-93.10108,0,8.9408,12810,-15,"Excellent"
"7900679256",2022-09-20,05:18:30,,,"3854",44.95229,-93.08709,124,17.8816,2784,450,"Good"
"7900679257",2022-09-20,05:18:30,,,"4166",44.98605,-93.28745,,0,0,0,"Poor"
"7900679258",2022-09-20,05:18:30,,,"4067",45.01979,-93.28804,180,8.9408,9656,-30,"Excellent"
"7900679259",2022-09-20,05:18:30,,,"5388",44.98688,-93.20885,,0,449908,0,"Excellent"
"7900679260",2022-09-20,05:18:30,,,"3958",44.94601,-93.27814,,0,0,0,"Good"
"7900679261",2022-09-20,05:18:30,,,"3866",44.95675,-93.06305,268,11.176,15031,-45,
"7900679262",2022-09-20,05:18:30,,,"2548",44.96072,-93.29281,28,6.7056,21758,-60,"Excellent"
"7900679263",2022-09-20,05:18:30,,,"2080",44.96448,-93.24141,272,26.8224,14033,0,"Excellent"
"7900679264",2022-09-20,05:18:30,,,"5399",44.85559,-93.23578,,0,16334,195,"Excellent"
"7900679265",2022-09-20,05:18:30,,,"3744",45.11513,-93.25851,92,6.7056,20438,-165,
"7900679266",2022-09-20,05:18:30,,,"2589",44.98117,-93.26673,120,6.7056,1705,255,"Excellent"
"7900679267",2022-09-20,05:18:30,,,"4045",44.98526,-93.28388,116,0.44704,32,1050,"Poor"
"7900679268",2022-09-20,05:18:30,,,"2185",44.97145,-93.2612,,0,28742,0,"Good"
"7900679269",2022-09-20,05:18:30,,,"3828",44.94271,-93.29839,176,0.44704,13116,-45,
"7900679270",2022-09-20,05:18:30,,,"2677",44.98994,-93.09515,92,4.4704,6260,-30,"Excellent"
"7900679271",2022-09-20,05:18:30,,,"4091",44.85716,-93.29891,,0,12746,150,"Excellent"
"7900679272",2022-09-20,05:18:30,,,"5251",44.89076,-93.45932,,0,0,0,"Excellent"
"7900679273",2022-09-20,05:18:30,,,"3837",44.98668,-93.28742,132,8.9408,13244,30,"Good"
"7900679274",2022-09-20,05:18:31,,,"4085",44.9464,-93.09492,236,2.2352,23737,-15,"Excellent"
"7900679275",2022-09-20,05:18:31,,,"3728",44.90503,-93.27809,0,2.2352,25202,-45,
"7900679276",2022-09-20,05:18:31,,,"3996",44.95985,-93.08222,232,11.176,15996,-45,"Good"
"7900679277",2022-09-20,05:18:31,,,"3796",44.94594,-93.09619,236,4.4704,24091,-180,"Good"
"7900679278",2022-09-20,05:18:31,,,"3942",44.91999,-93.2779,,0,3363,675,"Good"
"7900679279",2022-09-20,05:18:31,,,"2116",44.9706,-93.20233,180,26.8224,3411,0,"Excellent"
"7900679280",2022-09-20,05:18:31,,,"4066",44.93952,-93.25245,180,11.176,22981,-30,"Excellent"
"7900679281",2022-09-20,05:18:31,,,"3671",45.01373,-93.21917,24,13.4112,11941,270,"Excellent"
"7900679282",2022-09-20,05:18:31,,,"2276",44.9034,-93.40406,,0,16286,450,"Excellent"
"7900679283",2022-09-20,05:18:31,,,"2515",44.98694,-93.20896,,0,0,0,"Excellent"
"7900679284",2022-09-20,05:18:31,,,"3941",44.81553,-93.29196,304,0.44704,16254,0,"Good"
"7900679285",2022-09-20,05:18:31,,,"2591",44.972,-93.27104,168,0,25266,195,"Good"
"7900679286",2022-09-20,05:18:31,,,"2566",44.9519,-93.16691,0,0.44704,31172,15,"Excellent"
"7900679287",2022-09-20,05:18:31,,,"2638",45.09128,-93.43704,,0,11651,150,"Good"
"7900679288",2022-09-20,05:18:31,,,"2556",44.91973,-93.22278,80,2.2352,9350,240,"Excellent"
"7900679289",2022-09-20,05:18:31,,,"4043",44.94327,-93.28821,188,6.7056,31623,-180,"Excellent"
"7900679290",2022-09-20,05:18:31,,,"3789",44.9855,-93.28525,316,0,547,-45,
"7900679291",2022-09-20,05:18:31,,,"3931",44.97332,-93.51562,,0,20824,120,"Excellent"
"7900679292",2022-09-20,05:18:31,,,"2557",44.93857,-93.2524,0,6.7056,11201,0,"Excellent"
"7900679293",2022-09-20,05:18:31,,,"5350",44.96354,-93.08813,24,0,0,0,
"7900679294",2022-09-20,05:18:32,,,"2075",44.98384,-93.27841,,0,514,525,"Excellent"
"7900679295",2022-09-20,05:18:32,,,"5017",44.78991,-93.28862,0,26.8224,5149,0,"Excellent"
"7900679296",2022-09-20,05:18:32,,,"3732",44.95477,-93.27782,0,0,43468,-15,
"7900679297",2022-09-20,05:18:32,,,"3721",44.95017,-93.29834,176,0.44704,22691,30,"Good"
"7900679298",2022-09-20,05:18:32,,,"2625",44.94366,-93.10597,44,11.176,23576,-120,"Excellent"
"7900679299",2022-09-20,05:18:32,,,"4095",44.95025,-93.2962,272,4.4704,2059,-45,"Excellent"
"7900679300",2022-09-20,05:18:32,,,"4010",45.01882,-93.27254,356,13.4112,12858,0,"Good"
"7900679301",2022-09-20,05:18:32,,,"4149",44.85396,-93.23786,,0,23399,-4155,"Excellent"
"7900679302",2022-09-20,05:18:32,,,"3743",44.958,-93.27788,180,8.9408,22884,-120,
"7900679303",2022-09-20,05:18:32,,,"2274",44.95964,-93.37088,64,6.7056,24928,-30,"Excellent"
"7900679304",2022-09-20,05:18:32,,,"4082",45.02056,-93.34383,272,11.176,9623,0,"Excellent"
"7900679305",2022-09-20,05:18:32,,,"5347",44.99,-93.09486,272,4.4704,37642,-210,"Good"
"7900679306",2022-09-20,05:18:32,,,"2621",44.95021,-93.08782,144,0.44704,2912,0,"Excellent"
"7900679307",2022-09-20,05:18:32,,,"2385",44.97158,-93.26759,32,8.9408,16222,0,"Good"
"7900679308",2022-09-20,05:18:32,,,"5018",44.91694,-93.18478,,0,27310,-105,"Excellent"
"7900679309",2022-09-20,05:18:32,,,"4030",45.05948,-93.31876,,0,14290,30,"Excellent"
"7900679310",2022-09-20,05:18:32,,,"2581",44.89114,-93.25288,4,11.176,4457,-30,"Excellent"
"7900679311",2022-09-20,05:18:32,,,"3736",44.87387,-93.22408,0,0,25540,0,
"7900679312",2022-09-20,05:18:32,,,"2493",44.8892,-93.0664,176,26.8224,10492,360,"Excellent"
"7900679313",2022-09-20,05:18:32,,,"2204",45.05941,-93.3189,,0,14307,330,"Good"
"7900679314",2022-09-20,05:18:32,,,"2118",44.97788,-93.21013,120,11.176,9479,-60,"Excellent"
"7900679315",2022-09-20,05:18:32,,,"2110",45.06918,-93.27544,276,31.2928,17139,0,"Excellent"
"7900679316",2022-09-20,05:18:32,,,"4099",45.02041,-93.27017,356,0.44704,18394,30,"Excellent"
"7900679317",2022-09-20,05:18:33,,,"4022",44.77889,-93.32022,,0,0,0,"Excellent"
"7900679318",2022-09-20,05:18:33,,,"2519",44.89832,-93.21576,88,26.8224,17718,0,"Excellent"
"7900679319",2022-09-20,05:18:33,,,"2606",44.94093,-93.32842,40,15.6464,27374,15,"Excellent"
"7900679320",2022-09-20,05:18:33,,,"2500",44.96504,-93.08802,48,2.2352,241,-330,
"7900679321",2022-09-20,05:18:33,,,"3859",44.93845,-93.12132,,0,26393,-90,"Good"
"7900679322",2022-09-20,05:18:33,,,"3709",44.94947,-93.3552,272,15.6464,8175,-45,"Good"
"7900679323",2022-09-20,05:18:33,,,"4054",44.96056,-93.23303,180,11.176,14307,30,"Excellent"
"7900679324",2022-09-20,05:18:33,,,"4037",44.96869,-93.11611,0,13.4112,27310,30,"Excellent"
"7900679325",2022-09-20,05:18:33,,,"3815",44.9609,-93.24602,0,0,51032,-300,
"7900706572",2022-09-20,05:34:52,,,"2567",45.00325,-93.28241,0,26.8224,44208,195,"Excellent"
"7900706573",2022-09-20,05:34:52,,,"2185",44.98441,-93.28376,,0,31510,0,"Excellent"
"7900706574",2022-09-20,05:34:52,,,"2674",44.95024,-93.1005,144,8.9408,21404,-105,"Excellent"
"7900706575",2022-09-20,05:34:52,,,"2601",44.95042,-93.29722,,0,25556,-690,"Excellent"
"7900706576",2022-09-20,05:34:52,,,"4092",44.92194,-93.32908,,0,23689,-165,"Excellent"
"7900706577",2022-09-20,05:34:52,,,"2528",45.08753,-93.33088,,0,2639,195,"Excellent"
"7900706578",2022-09-20,05:34:52,,,"4042",44.96615,-93.09073,320,2.2352,482,165,"Excellent"
"7900706579",2022-09-20,05:34:52,,,"3744",45.0436,-93.24735,196,8.9408,30223,-60,"Good"
"7900706580",2022-09-20,05:34:52,,,"3828",44.88218,-93.32172,180,4.4704,21323,-45,"Good"
"7900706581",2022-09-20,05:34:52,,,"3942",44.91979,-93.26518,32,4.4704,5101,-105,"Good"
"7900706582",2022-09-20,05:34:52,,,"2656",45.09195,-93.43744,96,0,12005,0,"Poor"
"7900706583",2022-09-20,05:34:52,,,"2227",44.86332,-93.2432,,0,0,0,"Good"
"7900706584",2022-09-20,05:34:52,,,"3996",44.9458,-93.1042,,0.44704,18925,0,"Good"
"7900706585",2022-09-20,05:34:52,,,"2110",45.07291,-93.35987,272,8.9408,28115,-255,"Excellent"
"7900706586",2022-09-20,05:34:52,,,"2279",44.97088,-93.37302,,0,31189,0,"Excellent"
"7900706587",2022-09-20,05:34:52,,,"3941",44.84029,-93.27836,0,2.2352,20004,-120,"Excellent"
"7900706588",2022-09-20,05:34:53,,,"3872",44.86161,-93.25804,180,8.9408,23576,-75,"Excellent"
"7900706589",2022-09-20,05:34:53,,,"2632",45.11595,-93.26389,180,17.8816,19859,-135,"Excellent"
"7900706590",2022-09-20,05:34:53,,,"2585",44.9662,-93.26256,0,11.176,15755,30,"Excellent"
"7900706591",2022-09-20,05:34:53,,,"4144",44.85391,-93.2378,,0,44385,0,"Excellent"
"7900706592",2022-09-20,05:34:53,,,"3837",44.97106,-93.26249,208,2.2352,15980,-105,"Good"
"7900706593",2022-09-20,05:34:53,,,"3728",44.95907,-93.27778,,0,31350,0,"Good"
"7900706594",2022-09-20,05:34:53,,,"4133",44.9651147,-93.088469,,0,1054683,-60,"Excellent"
"7900706595",2022-09-20,05:34:53,,,"5402",44.8821,-93.32219,,0,19682,0,"Excellent"
"7900706596",2022-09-20,05:34:53,,,"5017",44.82496,-93.34854,,0,13936,0,"Excellent"
"7900706597",2022-09-20,05:34:53,,,"3671",45.03576,-93.22933,240,0.44704,16447,-60,"Excellent"
"7900706598",2022-09-20,05:34:53,,,"2609",44.95001,-93.29831,,0,23995,0,"Excellent"
"7900706599",2022-09-20,05:34:53,,,"2695",44.95941,-93.10602,184,6.7056,33715,75,"Excellent"
"7900706600",2022-09-20,05:34:53,,,"3922",44.85666,-93.29881,,0,7338,0,"Excellent"
"7900706601",2022-09-20,05:34:53,,,"2549",44.97282,-93.21819,,0,28517,0,"Excellent"
"7900706602",2022-09-20,05:34:53,,,"2526",44.98525,-93.2818,,0,16173,-180,"Poor"
"7900706603",2022-09-20,05:34:53,,,"3743",44.89576,-93.27818,184,0.44704,29998,-150,"Good"
"7900706604",2022-09-20,05:34:53,,,"4056",44.97726,-93.26866,132,8.9408,23641,45,"Excellent"
"7900706605",2022-09-20,05:34:53,,,"3796",44.90074,-93.17286,236,11.176,32106,-210,"Excellent"
"7900706606",2022-09-20,05:34:53,,,"2597",44.96122,-93.29249,28,8.9408,21581,-75,"Excellent"
"7900706607",2022-09-20,05:34:53,,,"2561",45.01133,-93.1885,212,22.352,44514,225,"Excellent"
"7900706608",2022-09-20,05:34:53,,,"2552",44.94463,-93.24734,,0,19569,0,"Excellent"
"7900706609",2022-09-20,05:34:53,,,"5215",44.98675,-93.20886,,0,48,0,"Excellent"
"7900706610",2022-09-20,05:34:53,,,"3931",44.96839,-93.43372,188,4.4704,28758,-45,"Excellent"
"7900706611",2022-09-20,05:34:53,,,"5387",45.00767,-93.20385,32,20.1168,3443,0,"Excellent"
"7900706612",2022-09-20,05:34:53,,,"2684",45.01015,-93.16642,0,17.8816,17960,-135,"Excellent"
"7900706613",2022-09-20,05:34:53,,,"2491",44.95331,-93.01252,,0,9446,75,"Excellent"
"7900706614",2022-09-20,05:34:53,,,"4010",45.02302,-93.27165,,0,13582,0,"Good"
"7900706615",2022-09-20,05:34:53,,,"2598",44.93411,-93.24754,,0,9591,-540,"Excellent"
"7900706616",2022-09-20,05:34:53,,,"2672",44.98521,-93.28295,92,0,48,0,
"7900706617",2022-09-20,05:34:53,,,"5395",44.82048,-93.22406,336,26.8224,11426,675,"Excellent"
"7900706618",2022-09-20,05:34:53,,,"4053",45.01155,-93.01706,88,17.8816,16592,-30,"Excellent"
"7900706619",2022-09-20,05:34:54,,,"4041",44.98065,-93.2695,12,2.2352,3476,-60,"Excellent"
"7900706620",2022-09-20,05:34:54,,,"2071",44.93747,-93.66431,,0,35115,555,"Excellent"
"7900706621",2022-09-20,05:34:54,,,"4071",45.14221,-93.28533,,0,11281,0,"Excellent"
"7900706622",2022-09-20,05:34:54,,,"2524",45.05966,-93.31907,,0,15546,-255,"Excellent"
"7900706623",2022-09-20,05:34:54,,,"2084",44.94835,-93.2972,,0,20776,-75,"Excellent"
"7900706624",2022-09-20,05:34:54,,,"2285",44.9341,-93.22837,,0,14870,-15,"Excellent"
"7900706625",2022-09-20,05:34:54,,,"3732",44.98031,-93.26926,32,4.4704,46493,-180,
"7900706626",2022-09-20,05:34:54,,,"3958",44.95916,-93.29046,268,11.176,2880,405,"Good"
"7900706627",2022-09-20,05:34:54,,,"2488",44.96371,-93.08885,24,0,0,0,
"7900706628",2022-09-20,05:34:54,,,"4055",44.94882,-93.08659,140,6.7056,3862,0,"Excellent"
"7900706629",2022-09-20,05:34:54,,,"5347",45.00665,-93.10306,,0,40507,-900,"Excellent"
"7900706630",2022-09-20,05:34:54,,,"2535",45.06657,-93.31907,356,15.6464,16898,-30,"Excellent"
"7900706631",2022-09-20,05:34:54,,,"4159",45.01183,-93.28281,180,26.8224,60028,165,"Excellent"
"7900706632",2022-09-20,05:34:54,,,"3721",44.93534,-93.38584,168,8.9408,31752,90,"Excellent"
"7900706633",2022-09-20,05:34:54,,,"2385",44.97345,-93.27354,204,11.176,18797,-105,"Good"
"7900706634",2022-09-20,05:34:54,,,"3876",44.96737,-93.08541,,0,32,315,"Poor"
"7900706635",2022-09-20,05:34:54,,,"2277",44.97028,-93.26498,28,8.9408,18266,90,"Excellent"
"7900706636",2022-09-20,05:34:54,,,"5403",44.9784,-93.19055,,0,45785,-30,"Excellent"
"7900706637",2022-09-20,05:34:54,,,"3950",44.86385,-93.24366,200,0,0,0,"Poor"
"7900706638",2022-09-20,05:34:54,,,"3789",45.09405,-93.26334,,0,14725,75,"Good"
"7900706639",2022-09-20,05:34:54,,,"5032",45.05881,-93.30766,64,4.4704,24011,-45,"Excellent"
"7900706640",2022-09-20,05:34:54,,,"2204",45.01692,-93.30827,,0,20004,30,"Excellent"
"7900706641",2022-09-20,05:34:54,,,"2687",44.97412,-93.12644,180,8.9408,22176,-120,"Excellent"
"7900706642",2022-09-20,05:34:54,,,"3736",44.87368,-93.22387,0,0,25556,0,
"7900706643",2022-09-20,05:34:54,,,"2652",45.13219,-93.47694,48,0,0,0,"Poor"
"7900706644",2022-09-20,05:34:54,,,"2069",44.98441,-93.28527,,0,531,-240,"Excellent"
"7900706645",2022-09-20,05:34:54,,,"3813",44.94563,-93.27897,0,0,0,0,
"7900706646",2022-09-20,05:34:55,,,"4162",45.07453,-93.28729,,0,2446,0,"Excellent"
"7900706647",2022-09-20,05:34:55,,,"2642",44.9197,-93.20875,88,8.9408,12697,-240,"Excellent"
"7900706648",2022-09-20,05:34:55,,,"2663",44.84705,-93.2477,176,22.352,38431,-75,"Excellent"
"7900706649",2022-09-20,05:34:55,,,"5404",44.9177,-93.18478,,0,56117,0,"Excellent"
"7900706650",2022-09-20,05:34:55,,,"4063",44.86755,-93.26815,180,8.9408,28501,-150,"Excellent"
"7900706651",2022-09-20,05:34:55,,,"2629",44.95166,-93.08716,228,2.2352,32009,45,"Excellent"
"7900706652",2022-09-20,05:34:55,,,"3709",44.93723,-93.39138,,0,12697,0,"Good"
"7900706653",2022-09-20,05:34:55,,,"2281",44.97321,-93.06602,180,11.176,23625,15,"Excellent"
"7900706654",2022-09-20,05:34:55,,,"2494",44.94832,-93.0913,244,2.2352,35437,75,"Excellent"
"7900706655",2022-09-20,05:34:55,,,"3859",44.93845,-93.12132,,0,26393,-1080,"Good"
"7900706656",2022-09-20,05:34:55,,,"2605",44.97809,-93.27134,208,2.2352,15063,15,"Excellent"
"7900706657",2022-09-20,05:34:55,,,"3984",44.96591,-93.20285,,0,13067,-195,"Excellent"
"7900706658",2022-09-20,05:34:55,,,"3714",44.95023,-93.29838,180,0,3443,120,
"7900706659",2022-09-20,05:34:55,,,"2633",44.94736,-93.08479,,0,3556,90,"Excellent"
"7900706660",2022-09-20,05:34:55,,,"3815",44.90476,-93.23235,180,11.176,59014,-195,"Good"
"7900706661",2022-09-20,05:34:55,,,"4067",44.97632,-93.27335,,0,15079,-45,"Excellent"
"7900706662",2022-09-20,05:34:55,,,"2498",44.94645,-93.09116,,0,19617,0,"Excellent"
"7900706663",2022-09-20,05:34:55,,,"5034",44.99872,-93.23737,,0,28598,0,"Excellent"
"7900706664",2022-09-20,05:34:55,,,"3865",45.02791,-93.10293,,0,26361,0,"Good"
"7900706665",2022-09-20,05:34:55,,,"2548",44.98416,-93.26595,40,4.4704,25717,-75,"Excellent"
"7900706666",2022-09-20,05:34:55,,,"4182",44.98594,-93.28505,,0,416868,0,"Good"
"7900706667",2022-09-20,05:34:55,,,"2132",44.82486,-93.29068,,0,9221,-195,"Excellent"
"7900706668",2022-09-20,05:34:55,,,"5399",44.82634,-93.26995,268,11.176,21693,-165,"Excellent"
"7900706669",2022-09-20,05:34:55,,,"5019",45.01268,-93.16821,,0,38318,0,"Excellent"
"7900706670",2022-09-20,05:34:55,,,"2589",44.97258,-93.27553,208,6.7056,3926,-60,"Excellent"
"7900706671",2022-09-20,05:34:55,,,"3980",44.87339,-93.02931,,0,28034,-555,"Good"
"7900706672",2022-09-20,05:34:55,,,"5394",44.7786,-93.31728,,0,354,0,"Excellent"
"7900706673",2022-09-20,05:34:55,,,"4072",45.07715,-93.31115,,0,0,360,"Excellent"
"7900706674",2022-09-20,05:34:55,,,"3879",44.90127,-93.26301,,0,8111,0,"Good"
"7900706675",2022-09-20,05:34:55,,,"3940",45.12689,-93.26504,,0,18571,-1860,"Good"
"7900706676",2022-09-20,05:34:55,,,"4045",44.98778,-93.27696,316,8.9408,933,0,"Excellent"
"7900706677",2022-09-20,05:34:55,,,"4091",44.91236,-93.30119,,0,20245,15,"Excellent"
"7900706678",2022-09-20,05:34:55,,,"2677",44.94938,-93.09265,136,0.44704,13389,-45,"Excellent"
"7900706679",2022-09-20,05:34:55,,,"5213",45.08141,-93.18829,180,11.176,16672,0,"Excellent"
"7900706680",2022-09-20,05:34:55,,,"3861",44.94598,-93.10178,,0,5165,-750,"Good"
"7900706681",2022-09-20,05:34:56,,,"3751",44.9714,-93.27157,144,4.4704,2446,315,
"7900706682",2022-09-20,05:34:56,,,"2335",44.77612,-93.27889,,0,45592,0,"Excellent"
"7900706683",2022-09-20,05:34:56,,,"4085",44.95576,-93.16623,268,4.4704,30835,165,"Excellent"
"7900706684",2022-09-20,05:34:56,,,"2698",44.96357,-93.08828,16,0,0,0,
"7900706685",2022-09-20,05:34:56,,,"3755",44.9463,-93.26265,,0,32750,-45,"Good"
"7900742140",2022-09-20,05:52:51,,,"3715",44.95563,-93.27281,180,0.44704,35807,15,"Good"
"7900742141",2022-09-20,05:52:51,,,"4058",44.94679,-93.10364,,0,4023,0,"Excellent"
"7900742142",2022-09-20,05:52:52,,,"4021",44.7704,-93.28868,184,20.1168,3669,0,"Excellent"
"7900742143",2022-09-20,05:52:52,,,"4157",45.07716,-93.31117,,0,0,420,"Good"
"7900742144",2022-09-20,05:52:52,,,"2495",44.92701,-93.12791,228,0,24719,120,
"7900742145",2022-09-20,05:52:52,,,"3858",44.9667,-93.02967,88,11.176,34359,-210,"Good"
"7900742146",2022-09-20,05:52:52,,,"4039",45.02989,-93.33953,,0,16978,0,"Excellent"
"7900742147",2022-09-20,05:52:52,,,"2646",44.91788,-93.18748,88,4.4704,45689,-255,"Excellent"
"7900742148",2022-09-20,05:52:52,,,"2520",45.02993,-93.33931,212,2.2352,13824,0,"Excellent"
"7900742149",2022-09-20,05:52:52,,,"4148",44.81538,-93.29361,,0,12971,0,"Excellent"
"7900742150",2022-09-20,05:52:52,,,"2488",44.94815,-93.0833,200,4.4704,4184,480,"Excellent"
"7900742151",2022-09-20,05:52:52,,,"2534",44.90496,-93.20289,352,8.9408,33055,-3390,"Excellent"
"7900742152",2022-09-20,05:52:52,,,"5034",44.98749,-93.20343,292,6.7056,35067,-165,"Excellent"
"7900742153",2022-09-20,05:52:52,,,"2290",45.01258,-93.16873,224,0,61847,0,"Poor"
"7900742154",2022-09-20,05:52:52,,,"5403",44.91705,-93.18535,92,6.7056,54476,-15,"Excellent"
"7900742155",2022-09-20,05:52:52,,,"2622",44.9476,-93.09364,72,2.2352,47266,105,"Excellent"
"7900742156",2022-09-20,05:52:52,,,"3814",45.09576,-93.39908,180,4.4704,14017,-45,"Excellent"
"7900742157",2022-09-20,05:52:52,,,"5399",44.82889,-93.33305,,0,27455,0,"Excellent"
"7900742158",2022-09-20,05:52:52,,,"2683",44.93921,-93.10989,228,13.4112,47443,-195,"Excellent"
"7900742159",2022-09-20,05:52:52,,,"3869",44.95806,-93.09153,,0,1995,-225,"Excellent"
"7900742160",2022-09-20,05:52:52,,,"4160",44.9524,-93.03644,96,22.352,7435,480,"Excellent"
"7900742161",2022-09-20,05:52:52,,,"3947",44.98136,-93.27492,,0,885,180,"Good"
"7900742162",2022-09-20,05:52:52,,,"5368",44.77857,-93.35741,260,17.8816,3106,-390,"Excellent"
"7900742163",2022-09-20,05:52:52,,,"3895",44.95002,-93.29772,0,0,23786,270,
"7900742164",2022-09-20,05:52:52,,,"2588",45.04014,-93.21852,,0,46654,0,"Excellent"
"7900742165",2022-09-20,05:52:52,,,"4079",45.09456,-93.37537,272,11.176,6018,375,"Excellent"
"7900742166",2022-09-20,05:52:52,,,"3711",45.01464,-93.37118,272,8.9408,30609,-120,"Excellent"
"7900742167",2022-09-20,05:52:52,,,"2627",44.95679,-93.05007,92,11.176,28565,30,"Excellent"
"7900742168",2022-09-20,05:52:52,,,"4010",44.98431,-93.26615,224,11.176,18700,45,"Good"
"7900742169",2022-09-20,05:52:52,,,"2487",44.94618,-93.10331,,0,4119,0,"Good"
"7900742170",2022-09-20,05:52:52,,,"2292",44.95606,-93.16711,180,0,35148,-180,"Poor"
"7900742171",2022-09-20,05:52:52,,,"4069",45.09352,-93.37933,,0,6566,75,"Excellent"
"7900742172",2022-09-20,05:52:52,,,"5213",45.03683,-93.21833,0,15.6464,24799,-90,"Excellent"
"7900742173",2022-09-20,05:52:52,,,"5038",45.12966,-93.26648,204,11.176,21710,405,"Excellent"
"7900742174",2022-09-20,05:52:52,,,"2493",44.89139,-93.03432,352,8.9408,27761,-75,"Excellent"
"7900742175",2022-09-20,05:52:53,,,"3872",44.87506,-93.25294,0,4.4704,30303,-90,"Excellent"
"7900742176",2022-09-20,05:52:53,,,"2623",44.94845,-93.16744,88,2.2352,10138,0,"Excellent"
"7900742177",2022-09-20,05:52:53,,,"2675",45.01919,-93.22816,180,2.2352,39251,60,"Excellent"
"7900742178",2022-09-20,05:52:53,,,"2553",45.0173,-93.23709,0,11.176,30690,-195,"Excellent"
"7900742179",2022-09-20,05:52:53,,,"2667",44.959,-93.26262,,0,21018,-270,"Excellent"
"7900742180",2022-09-20,05:52:53,,,"4133",44.9484273,-93.0834946,,0,1054683,-60,"Poor"
"7900742181",2022-09-20,05:52:53,,,"3958",44.96263,-93.26708,,0,6533,-60,"Good"
"7900742182",2022-09-20,05:52:53,,,"2080",44.96964,-93.25265,144,15.6464,20181,-90,"Excellent"
"7900742183",2022-09-20,05:52:53,,,"2618",44.90891,-93.22282,,0,25186,-1320,"Excellent"
"7900742184",2022-09-20,05:52:53,,,"5204",44.9978254,-93.4465951,,0,23641,780,"Excellent"
"7900742185",2022-09-20,05:52:53,,,"3854",44.87642,-93.06941,268,11.176,19183,-150,"Excellent"
"7900742186",2022-09-20,05:52:53,,,"5347",44.99344,-93.10593,180,13.4112,42213,-15,"Good"
"7900742187",2022-09-20,05:52:53,,,"2628",44.95368,-93.09154,84,17.8816,2800,390,"Excellent"
"7900742188",2022-09-20,05:52:53,,,"2068",44.98524,-93.28388,92,0,0,15,"Poor"
"7900742189",2022-09-20,05:52:53,,,"2204",44.97631,-93.2733,,0,27632,-105,"Good"
"7900742190",2022-09-20,05:52:53,,,"3951",44.85987,-93.25928,,0,2365,-15,"Good"
"7900742191",2022-09-20,05:52:53,,,"2385",44.84756,-93.2983,180,26.8224,35212,-60,"Good"
"7900742192",2022-09-20,05:52:53,,,"2116",44.9542,-92.98472,180,13.4112,23641,-150,"Excellent"
"7900742193",2022-09-20,05:52:53,,,"3866",44.9637,-93.19662,300,11.176,29145,-165,"Good"
"7900742194",2022-09-20,05:52:53,,,"4032",44.94006,-93.17674,,0,34938,15,"Excellent"
"7900742195",2022-09-20,05:52:53,,,"4102",44.90668,-93.28833,,0,34230,75,"Excellent"
"7900742196",2022-09-20,05:52:53,,,"5126",44.86918,-93.35991,112,2.2352,22208,-45,"Excellent"
"7900742197",2022-09-20,05:52:53,,,"2567",45.09199,-93.43737,,0,64212,1095,"Excellent"
"7900742198",2022-09-20,05:52:53,,,"2546",45.06207,-93.28627,12,26.8224,25620,30,"Excellent"
"7900742199",2022-09-20,05:52:53,,,"2185",45.04839,-93.32115,348,15.6464,41762,-120,"Good"
"7900742200",2022-09-20,05:52:53,,,"4006",44.94469,-93.27831,,0,177,0,"Good"
"7900742201",2022-09-20,05:52:53,,,"5131",44.85459,-93.23785,204,2.2352,7853,-285,"Excellent"
"7900742202",2022-09-20,05:52:53,,,"2601",44.94834,-93.29713,,0,25878,-120,"Excellent"
"7900742203",2022-09-20,05:52:53,,,"3758",44.9725,-93.27194,76,0,43806,0,
"7900742204",2022-09-20,05:52:53,,,"2674",44.94532,-93.09011,236,8.9408,24429,-30,"Excellent"
"7900742205",2022-09-20,05:52:53,,,"5215",44.98675,-93.20887,,0,48,0,"Excellent"
"7900742206",2022-09-20,05:52:53,,,"3878",45.05961,-93.10631,0,20.1168,11860,210,"Good"
"7900742207",2022-09-20,05:52:53,,,"4092",44.96671,-93.28807,0,8.9408,30915,-165,"Excellent"
"7900742208",2022-09-20,05:52:53,,,"4042",44.96783,-93.20648,,0,12649,300,"Excellent"
"7900742209",2022-09-20,05:52:53,,,"5364",44.82444,-93.34339,268,15.6464,19360,0,"Excellent"
"7900742210",2022-09-20,05:52:53,,,"3744",44.97903,-93.2705,0,0,38254,75,
"7900742211",2022-09-20,05:52:53,,,"2656",45.09141,-93.43697,284,0,12198,0,"Poor"
"7900742212",2022-09-20,05:52:53,,,"3828",44.85989,-93.35249,,0,29354,0,"Excellent"
"7900742213",2022-09-20,05:52:53,,,"2528",45.09442,-93.3063,92,11.176,10991,15,"Excellent"
"7900742214",2022-09-20,05:52:54,,,"2536",44.9921,-93.29559,,0,12247,15,"Excellent"
"7900742215",2022-09-20,05:52:54,,,"3837",44.92695,-93.26312,88,6.7056,21597,0,"Excellent"
"7900742216",2022-09-20,05:52:54,,,"2134",44.77319,-93.29891,72,22.352,2043,30,"Excellent"
"7900742217",2022-09-20,05:52:54,,,"3683",45.06281,-93.3192,180,13.4112,2414,315,"Good"
"7900742218",2022-09-20,05:52:54,,,"3984",44.93989,-93.1263,92,8.9408,21790,-165,"Good"
"7900742219",2022-09-20,05:52:54,,,"4144",44.87348,-93.22385,,0,49294,0,"Good"
"7900742220",2022-09-20,05:52:54,,,"2540",45.10698,-93.39174,24,22.352,11683,435,"Excellent"
"7900742221",2022-09-20,05:52:54,,,"4005",44.93255,-93.27794,184,8.9408,1544,150,"Good"
"7900742222",2022-09-20,05:52:54,,,"2279",44.96846,-93.34611,84,8.9408,35292,-135,"Excellent"
"7900742223",2022-09-20,05:52:54,,,"5401",44.85514,-93.3087,0,13.4112,19006,-375,"Excellent"
"7900742224",2022-09-20,05:52:54,,,"3728",44.97837,-93.26291,,0,34697,0,"Poor"
"7900742225",2022-09-20,05:52:54,,,"3796",44.85425,-93.23859,184,0,42792,0,
"7900742226",2022-09-20,05:52:54,,,"3671",44.98977,-93.24603,300,8.9408,23190,-195,"Excellent"
"7900742227",2022-09-20,05:52:54,,,"3922",44.85666,-93.29881,,0,7338,0,"Excellent"
"7900742228",2022-09-20,05:52:54,,,"2537",45.07797,-93.31183,264,13.4112,354,30,"Excellent"
"7900742229",2022-09-20,05:52:54,,,"2609",44.93416,-93.24073,92,13.4112,31848,30,"Excellent"
"7900742230",2022-09-20,05:52:54,,,"4182",44.98594,-93.28505,,0,427103,0,"Good"
"7900742231",2022-09-20,05:52:54,,,"2585",45.01064,-93.29433,0,11.176,21935,0,"Excellent"
"7900742232",2022-09-20,05:52:54,,,"2695",44.92588,-93.10189,180,8.9408,39750,105,"Excellent"
"7900742233",2022-09-20,05:52:54,,,"4135",44.98534,-93.08877,0,22.352,2977,120,"Excellent"
"7900742234",2022-09-20,05:52:54,,,"4074",44.98068,-93.2798,168,6.7056,14130,-180,"Excellent"
"7900742235",2022-09-20,05:52:54,,,"4049",44.95783,-93.08673,92,8.9408,2349,210,"Excellent"
"7900742236",2022-09-20,05:52:54,,,"2549",44.98619,-93.26204,240,11.176,32814,-60,"Excellent"
"7900742237",2022-09-20,05:52:54,,,"3743",44.82453,-93.28971,276,4.4704,38753,-255,"Excellent"
"7900742238",2022-09-20,05:52:54,,,"3980",44.82955,-93.05461,,0,35791,0,"Good"
"7900742239",2022-09-20,05:52:54,,,"2597",44.98572,-93.25201,120,8.9408,26827,45,"Good"
"7900742240",2022-09-20,05:52:54,,,"2561",44.97772,-93.26598,24,4.4704,56069,360,"Good"
"7900742241",2022-09-20,05:52:54,,,"2632",45.03389,-93.24739,180,6.7056,30143,-105,"Excellent"
"7900742242",2022-09-20,05:52:54,,,"4056",44.91989,-93.25244,,0,30931,0,"Excellent"
"7900742243",2022-09-20,05:52:54,,,"3940",45.12307,-93.22131,180,11.176,23995,0,"Good"
"7900742244",2022-09-20,05:52:54,,,"2672",44.98551,-93.28219,244,0,48,480,
"7900742245",2022-09-20,05:52:54,,,"3931",44.9702,-93.37021,68,4.4704,37642,-15,"Excellent"
"7900742246",2022-09-20,05:52:54,,,"2491",44.9487,-93.09069,236,0.44704,17300,45,"Excellent"
"7900742247",2022-09-20,05:52:54,,,"2335",44.83674,-93.29689,336,26.8224,54637,-135,"Good"
"7900742248",2022-09-20,05:52:54,,,"2684",45.00611,-93.16405,88,8.9408,20615,-120,"Excellent"
"7900742249",2022-09-20,05:52:54,,,"2598",44.91377,-93.20309,328,4.4704,16173,-195,"Excellent"
"7900742250",2022-09-20,05:52:54,,,"2511",44.94885,-93.00499,180,8.9408,38527,-60,"Excellent"
"7900742251",2022-09-20,05:52:54,,,"3987",44.94457,-93.10753,220,22.352,4087,330,"Good"
"7900742252",2022-09-20,05:52:54,,,"3732",44.97784,-93.2629,208,0.44704,47250,-15,
"7900742253",2022-09-20,05:52:55,,,"3950",44.86181,-93.3272,,0,8336,0,"Good"
"7900804156",2022-09-20,06:19:33,,,"5421",44.99847,-93.28979,,0,0,0,"Excellent"
"7900804157",2022-09-20,06:19:33,,,"2488",44.97686,-93.10591,0,6.7056,9784,-165,"Excellent"
"7900804158",2022-09-20,06:19:33,,,"2527",44.97205,-93.46226,8,8.9408,16141,0,"Excellent"
"7900804159",2022-09-20,06:19:33,,,"3935",44.94488,-93.27797,,0,80,0,"Poor"
"7900804160",2022-09-20,06:19:33,,,"4148",44.86905,-93.27816,356,0.44704,22402,-210,"Excellent"
"7900804161",2022-09-20,06:19:33,,,"2068",45.12646,-93.26524,332,13.4112,19070,-15,"Excellent"
"7900804162",2022-09-20,06:19:33,,,"4068",45.07604,-93.33338,272,26.8224,3315,0,"Excellent"
"7900804163",2022-09-20,06:19:33,,,"4181",44.86331,-93.24387,,0,563415,0,"Good"
"7900804164",2022-09-20,06:19:33,,,"4039",44.99153,-93.28127,160,11.176,24912,45,"Excellent"
"7900804165",2022-09-20,06:19:34,,,"3898",44.94579,-93.57861,236,17.8816,28404,585,"Excellent"
"7900804166",2022-09-20,06:19:34,,,"2495",44.92038,-93.2199,,0,33152,0,"Poor"
"7900804167",2022-09-20,06:19:34,,,"2651",44.91787,-93.18395,88,11.176,14741,-30,"Excellent"
"7900804168",2022-09-20,06:19:34,,,"3893",45.09611,-93.29069,340,26.8224,5053,45,"Excellent"
"7900804169",2022-09-20,06:19:34,,,"3874",44.88528,-93.03081,,0,26715,-630,"Excellent"
"7900804170",2022-09-20,06:19:34,,,"4080",44.98474,-93.28405,,0,0,450,"Poor"
"7900804171",2022-09-20,06:19:34,,,"3707",45.02876,-93.02403,,0,59803,0,"Excellent"
"7900804172",2022-09-20,06:19:34,,,"2637",45.07738,-93.31157,92,0,0,0,"Poor"
"7900804173",2022-09-20,06:19:34,,,"2520",45.01383,-93.32011,116,6.7056,16576,0,"Excellent"
"7900804174",2022-09-20,06:19:34,,,"2683",44.85447,-93.23849,248,2.2352,64615,0,
"7900804175",2022-09-20,06:19:34,,,"2384",44.85802,-93.30193,,0,61750,30,"Good"
"7900804176",2022-09-20,06:19:34,,,"4047",45.08599,-93.23824,,0,15803,0,"Excellent"
"7900804177",2022-09-20,06:19:34,,,"2290",44.91801,-93.19208,268,0,75027,-270,"Poor"
"7900804178",2022-09-20,06:19:34,,,"2646",45.01294,-93.16837,,0,58547,0,"Good"
"7900804179",2022-09-20,06:19:34,,,"3804",44.97619,-93.27052,304,0,46413,60,
"7900804180",2022-09-20,06:19:34,,,"2621",44.96574,-93.21746,132,22.352,27085,60,"Excellent"
"7900804181",2022-09-20,06:19:34,,,"4160",44.95558,-93.06919,236,8.9408,15530,-165,"Excellent"
"7900804182",2022-09-20,06:19:34,,,"3888",44.85381,-93.23877,0,0.44704,1882,90,
"7900804183",2022-09-20,06:19:34,,,"3701",44.97617,-93.07355,180,6.7056,38833,-225,"Good"
"7900804184",2022-09-20,06:19:34,,,"4001",45.00658,-93.25704,196,8.9408,30561,-60,"Good"
"7900804185",2022-09-20,06:19:34,,,"2292",44.92125,-93.22031,340,0,43806,0,"Poor"
"7900804186",2022-09-20,06:19:34,,,"3995",44.96675,-93.0908,,0,595,-120,"Good"
"7900804187",2022-09-20,06:19:34,,,"4079",45.05953,-93.31803,,0,15980,30,"Excellent"
"7900804188",2022-09-20,06:19:34,,,"4003",44.94911,-93.306,272,8.9408,24687,-375,"Good"
"7900804189",2022-09-20,06:19:34,,,"2534",44.95385,-93.24735,0,11.176,44015,-120,"Excellent"
"7900804190",2022-09-20,06:19:34,,,"2493",44.97016,-93.08527,88,4.4704,39638,-75,"Excellent"
"7900804191",2022-09-20,06:19:34,,,"5403",44.96271,-93.19428,300,11.176,60092,-60,"Excellent"
"7900804192",2022-09-20,06:19:34,,,"4069",45.06958,-93.31951,176,4.4704,17493,-15,"Excellent"
"7900804193",2022-09-20,06:19:34,,,"3886",44.97621,-93.25521,120,15.6464,17187,15,"Good"
"7900804194",2022-09-20,06:19:34,,,"2627",44.95414,-93.01502,264,0.44704,33055,-60,"Excellent"
"7900804195",2022-09-20,06:19:34,,,"2132",44.82485,-93.29069,,0,31430,0,"Excellent"
"7900804196",2022-09-20,06:19:34,,,"3749",45.05919,-93.24773,180,0.44704,32106,-300,"Excellent"
"7900804197",2022-09-20,06:19:34,,,"3630",44.95858,-93.09008,180,8.9408,1400,600,"Excellent"
"7900804198",2022-09-20,06:19:34,,,"2553",45.0402,-93.21853,,0,34681,0,"Excellent"
"7900804199",2022-09-20,06:19:34,,,"2675",44.96967,-93.2775,104,4.4704,47604,90,"Excellent"
"7900804200",2022-09-20,06:19:34,,,"5216",44.85822,-93.35309,296,11.176,19424,-255,"Excellent"
"7900804201",2022-09-20,06:19:34,,,"2618",44.96856,-93.24314,300,13.4112,33747,-105,"Excellent"
"7900804202",2022-09-20,06:19:34,,,"3717",44.99877,-93.26607,144,2.2352,16721,-90,"Good"
"7900804203",2022-09-20,06:19:34,,,"3722",45.01684,-93.25742,,0,31398,0,"Excellent"
"7900804204",2022-09-20,06:19:34,,,"2541",45.07743,-93.30985,,0,193,0,"Excellent"
"7900804205",2022-09-20,06:19:34,,,"2628",44.92818,-92.95755,,0,16511,90,"Excellent"
"7900804206",2022-09-20,06:19:34,,,"4031",44.98442,-93.28341,,0,418,-165,"Excellent"
"7900804207",2022-09-20,06:19:34,,,"3684",44.86265,-93.24346,,0,32,0,"Excellent"
"7900804208",2022-09-20,06:19:35,,,"2504",44.95584,-93.17742,,0,6517,-225,"Excellent"
"7900804209",2022-09-20,06:19:35,,,"2134",44.81356,-93.36796,,0,18426,-45,"Excellent"
"7900804210",2022-09-20,06:19:35,,,"4012",45.04094,-93.26169,268,6.7056,24751,-75,"Good"
"7900804211",2022-09-20,06:19:35,,,"2080",44.9423,-93.08287,,0,35598,0,"Excellent"
"7900804212",2022-09-20,06:19:35,,,"2567",45.09131,-93.43702,,0,64405,-495,"Excellent"
"7900804213",2022-09-20,06:19:35,,,"2546",45.13991,-93.27541,320,17.8816,38415,-255,"Excellent"
"7900804214",2022-09-20,06:19:35,,,"2622",44.95117,-93.10803,296,11.176,51450,-90,"Excellent"
"7900804215",2022-09-20,06:19:35,,,"3870",45.04802,-92.80751,,0,31285,-60,"Good"
"7900804216",2022-09-20,06:19:35,,,"2623",44.94708,-93.08475,,0,19521,0,"Excellent"
"7900804217",2022-09-20,06:19:35,,,"4021",44.83704,-93.2972,336,26.8224,27793,225,"Excellent"
"7900804218",2022-09-20,06:19:35,,,"4102",44.85686,-93.29877,,0,41617,0,"Excellent"
"7900804219",2022-09-20,06:19:35,,,"4092",44.9727,-93.21831,,0,38495,0,"Excellent"
"7900804220",2022-09-20,06:19:35,,,"4032",44.94796,-93.0845,56,11.176,42840,-135,"Excellent"
"7900804221",2022-09-20,06:19:35,,,"2497",44.95564,-93.09673,,0,2204,315,"Excellent"
"7900804222",2022-09-20,06:19:35,,,"2601",44.94834,-93.19165,88,8.9408,34311,-75,"Excellent"
"7900804223",2022-09-20,06:19:35,,,"3644",44.97422,-93.26587,296,4.4704,67174,90,
"7900804224",2022-09-20,06:19:35,,,"2528",44.97811,-93.26961,212,6.7056,26167,-105,"Excellent"
"7900804225",2022-09-20,06:19:35,,,"2674",44.98741,-93.20295,,0,36322,90,"Excellent"
"7900804226",2022-09-20,06:19:35,,,"3983",44.99123,-93.10512,,0,38994,0,"Good"
"7900804227",2022-09-20,06:19:35,,,"3985",45.00087,-93.08209,268,6.7056,5359,-165,"Good"
"7900804228",2022-09-20,06:19:35,,,"4042",44.93851,-93.12133,96,6.7056,22192,-15,"Excellent"
"7900804229",2022-09-20,06:19:35,,,"5392",44.95164,-93.15827,88,26.8224,214557,0,"Excellent"
"7900804230",2022-09-20,06:19:35,,,"3715",44.9199,-93.27533,,0,42277,15,"Excellent"
"7900804231",2022-09-20,06:19:35,,,"2658",45.0884,-93.4222,288,22.352,10412,585,"Excellent"
"7900804232",2022-09-20,06:19:35,,,"3997",44.9678,-93.2065,,0,53558,0,"Good"
"7900804233",2022-09-20,06:19:35,,,"4162",45.12315,-93.32284,96,26.8224,12939,-15,"Excellent"
"7900804234",2022-09-20,06:19:35,,,"3656",45.3282061,-93.7194795,,0,0,-60,"Good"
"7900804235",2022-09-20,06:19:35,,,"5131",44.84794,-93.27728,272,11.176,11941,-105,"Excellent"
"7900804236",2022-09-20,06:19:35,,,"5126",44.85418,-93.23822,180,0.44704,34005,0,"Good"
"7900804237",2022-09-20,06:19:35,,,"3858",44.98142,-92.98551,,0,42438,0,"Good"
"7900804238",2022-09-20,06:19:35,,,"4144",44.85393,-93.23781,,0,53188,0,"Excellent"
"7900804239",2022-09-20,06:19:35,,,"4187",45.0099366,-93.1590758,,0,1054683,-60,"Good"
"7900804240",2022-09-20,06:19:35,,,"5368",44.85563,-93.32847,88,6.7056,24156,-150,"Excellent"
"7900804241",2022-09-20,06:19:35,,,"2540",45.07099,-93.35517,160,11.176,22466,0,"Excellent"
"7900804242",2022-09-20,06:19:35,,,"2536",44.94341,-93.26263,180,4.4704,18925,0,"Excellent"
"7900804243",2022-09-20,06:19:35,,,"2592",45.06016,-93.31799,88,2.2352,14789,-45,"Excellent"
"7900804244",2022-09-20,06:19:35,,,"5364",44.81299,-93.31936,64,8.9408,24783,-90,"Excellent"
"7900804245",2022-09-20,06:19:35,,,"2279",44.96267,-93.26741,100,4.4704,45818,-45,"Excellent"
"7900804246",2022-09-20,06:19:35,,,"2667",45.03546,-93.29852,272,8.9408,31108,-165,"Excellent"
"7900804247",2022-09-20,06:19:35,,,"3955",44.98128,-93.26734,124,8.9408,32540,-30,"Good"
"7900804248",2022-09-20,06:19:36,,,"3960",44.98224,-93.24296,28,6.7056,25572,0,"Good"
"7900804249",2022-09-20,06:19:36,,,"2609",44.91143,-93.2026,,0,37610,-150,"Excellent"
"7900804250",2022-09-20,06:19:36,,,"4049",44.90185,-93.10164,332,8.9408,13148,-45,"Excellent"
"7900804251",2022-09-20,06:19:36,,,"2081",44.947,-93.08574,,0.44704,4441,-30,"Good"
"7900804252",2022-09-20,06:19:36,,,"4178",44.94482,-93.27879,,0,0,0,"Good"
"7900804253",2022-09-20,06:19:36,,,"3869",44.96675,-93.03302,272,6.7056,15771,-225,"Excellent"
"7900804254",2022-09-20,06:19:36,,,"4135",45.00854,-93.09884,248,20.1168,20132,120,"Excellent"
"7900804255",2022-09-20,06:19:36,,,"2585",45.05949,-93.31873,,0,29354,0,"Excellent"
"7900804256",2022-09-20,06:19:36,,,"3814",45.05722,-93.32182,204,4.4704,25765,-75,"Good"
"7900804257",2022-09-20,06:19:36,,,"2695",44.91158,-93.08198,,0,46493,0,"Excellent"
"7900804258",2022-09-20,06:19:36,,,"3895",44.94856,-93.26146,,0,27053,0,"Excellent"
"7900804259",2022-09-20,06:19:36,,,"2561",45.14556,-93.1837,,0,82028,1110,"Excellent"
"7900804260",2022-09-20,06:19:36,,,"4074",44.94017,-93.24738,180,8.9408,21291,60,"Excellent"
"7900804261",2022-09-20,06:19:36,,,"5401",44.85847,-93.28841,356,11.176,29048,-165,"Excellent"
"7900804262",2022-09-20,06:19:36,,,"3862",44.94925,-93.08714,0,0,31961,-60,
"7900804263",2022-09-20,06:19:36,,,"5017",44.82717,-93.30128,0,8.9408,23560,-90,"Excellent"
"7900804264",2022-09-20,06:19:36,,,"2597",44.97282,-93.2182,,0,29885,0,"Excellent"
"7900804265",2022-09-20,06:19:36,,,"4073",45.08023,-93.33581,268,8.9408,2333,300,"Excellent"
"7900804266",2022-09-20,06:19:36,,,"2201",45.02168,-93.3083,0,13.4112,38753,-300,"Good"
"7900804267",2022-09-20,06:19:36,,,"4056",44.90131,-93.26265,0,6.7056,39766,15,"Excellent"
"7900804268",2022-09-20,06:19:36,,,"2669",45.1108,-93.26352,0,26.8224,16721,660,"Excellent"
"7900804269",2022-09-20,06:19:36,,,"2116",45.03241,-92.98468,0,11.176,38656,75,"Excellent"
"7900845196",2022-09-20,06:34:55,,,"2510",44.99865,-93.2442,92,11.176,15819,-195,"Excellent"
"7900845197",2022-09-20,06:34:55,,,"2651",44.99812,-93.16648,0,22.352,24944,75,"Excellent"
"7900845198",2022-09-20,06:34:55,,,"3854",44.9189,-93.08806,180,11.176,34472,-90,"Good"
"7900845199",2022-09-20,06:34:55,,,"2116",45.02892,-93.0242,,0,46606,0,"Excellent"
"7900845200",2022-09-20,06:34:55,,,"5392",44.95056,-93.0958,,0,221091,-165,"Excellent"
"7900845201",2022-09-20,06:34:55,,,"2073",44.94472,-93.27829,,0,112,255,"Good"
"7900845202",2022-09-20,06:34:55,,,"4069",45.07775,-93.31651,316,4.4704,21098,-105,"Excellent"
"7900845203",2022-09-20,06:34:55,,,"5034",44.99908,-93.29231,,0,51515,-120,"Excellent"
"7900845204",2022-09-20,06:34:55,,,"2534",44.97665,-93.2712,296,6.7056,48634,-30,"Excellent"
"7900845205",2022-09-20,06:34:55,,,"2675",44.97398,-93.26912,,0,48376,0,"Poor"
"7900845206",2022-09-20,06:34:55,,,"3876",44.96618,-93.07364,180,8.9408,30303,-105,"Good"
"7900845207",2022-09-20,06:34:55,,,"3866",44.93923,-93.11891,64,11.176,40120,0,
"7900845208",2022-09-20,06:34:55,,,"2553",45.03566,-93.23692,,0,36419,-30,"Excellent"
"7900845209",2022-09-20,06:34:55,,,"5403",45.01396,-93.17685,4,4.4704,67367,-60,"Excellent"
"7900845210",2022-09-20,06:34:55,,,"2132",44.818,-93.30946,216,13.4112,33538,-15,"Excellent"
"7900845211",2022-09-20,06:34:55,,,"4031",44.97084,-93.37259,,0,9076,-30,"Excellent"
"7900845212",2022-09-20,06:34:55,,,"5216",44.86526,-93.32381,,0,26135,-270,"Excellent"
"7900845213",2022-09-20,06:34:55,,,"4010",44.92004,-93.26513,0,8.9408,29869,15,"Good"
"7900845214",2022-09-20,06:34:55,,,"2185",44.97446,-93.26971,120,6.7056,57517,-165,"Good"
"7900845215",2022-09-20,06:34:55,,,"5373",44.81346,-93.60334,,0,20760,0,"Good"
"7900845216",2022-09-20,06:34:55,,,"2493",45.02313,-93.09057,288,6.7056,47604,0,"Excellent"
"7900845217",2022-09-20,06:34:55,,,"3947",44.99227,-93.39503,304,6.7056,16012,-255,"Good"
"7900845218",2022-09-20,06:34:55,,,"5131",44.86551,-93.31641,268,11.176,17799,0,"Excellent"
"7900845219",2022-09-20,06:34:55,,,"3679",45.0728,-93.29291,92,11.176,2076,45,
"7900845220",2022-09-20,06:34:55,,,"5368",44.85415,-93.23769,,0,32042,0,"Good"
"7900845221",2022-09-20,06:34:55,,,"2627",44.94755,-93.0858,236,6.7056,40169,30,"Excellent"
"7900845222",2022-09-20,06:34:55,,,"2628",44.95202,-93.05869,272,26.8224,28694,60,"Excellent"
"7900845223",2022-09-20,06:34:55,,,"3900",44.90143,-93.23235,0,4.4704,23882,-15,
"7900845224",2022-09-20,06:34:55,,,"2618",44.9852,-93.26932,44,4.4704,38109,-75,"Excellent"
"7900845225",2022-09-20,06:34:56,,,"4094",44.94179,-93.2804,84,0,402,0,"Poor"
"7900845226",2022-09-20,06:34:56,,,"2546",45.17472,-93.34661,,0,45850,-375,"Excellent"
"7900845227",2022-09-20,06:34:56,,,"3878",44.97755,-93.10598,0,0,33442,-60,
"7900845228",2022-09-20,06:34:56,,,"3828",44.88066,-93.32176,180,11.176,39654,-15,
"7900845229",2022-09-20,06:34:56,,,"2080",44.94842,-93.0914,,0,37143,-75,"Excellent"
"7900845230",2022-09-20,06:34:56,,,"2623",44.94657,-93.10981,272,8.9408,22788,0,"Excellent"
"7900845231",2022-09-20,06:34:56,,,"3797",44.9486,-93.26273,180,2.2352,46944,-105,"Good"
"7900845232",2022-09-20,06:34:56,,,"2439",44.97853,-93.26171,348,0.44704,17300,225,"Good"
"7900845233",2022-09-20,06:34:56,,,"4092",44.9728,-93.21822,,0,38511,0,"Excellent"
"7900845234",2022-09-20,06:34:56,,,"3999",45.04094,-93.26104,268,8.9408,25218,-165,"Good"
"7900845235",2022-09-20,06:34:56,,,"5248",44.97523,-93.27046,,0,70006,60,"Excellent"
"7900845236",2022-09-20,06:34:56,,,"4102",44.85686,-93.29879,,0,41617,0,"Excellent"
"7900845237",2022-09-20,06:34:56,,,"4021",44.97655,-93.26896,,0,44965,465,"Excellent"
"7900845238",2022-09-20,06:34:56,,,"3914",44.94408,-93.27793,180,8.9408,241,0,"Good"
"7900845239",2022-09-20,06:34:56,,,"3927",44.92104,-93.28831,4,11.176,16914,-165,"Good"
"7900845240",2022-09-20,06:34:56,,,"3951",44.97914,-93.27741,340,8.9408,17493,-135,"Good"
"7900845241",2022-09-20,06:34:56,,,"3944",45.17278,-93.39172,356,15.6464,29740,0,"Good"
"7900845242",2022-09-20,06:34:56,,,"5347",44.89522,-93.0488,180,8.9408,59899,-135,"Good"
"7900845243",2022-09-20,06:34:56,,,"2497",44.93429,-93.08457,156,11.176,5343,-60,"Excellent"
"7900845244",2022-09-20,06:34:56,,,"2593",44.99053,-93.28641,52,15.6464,1335,45,"Excellent"
"7900845245",2022-09-20,06:34:56,,,"2674",44.97513,-93.25219,300,8.9408,41327,-105,"Excellent"
"7900845246",2022-09-20,06:34:56,,,"2528",44.90135,-93.263,,0,36049,0,"Excellent"
"7900845247",2022-09-20,06:34:56,,,"3837",44.8537,-93.23872,0,0,32460,0,
"7900845248",2022-09-20,06:34:56,,,"2204",45.01799,-93.30827,0,11.176,37980,-360,"Good"
"7900845249",2022-09-20,06:34:56,,,"4032",44.95409,-93.01255,52,4.4704,50147,45,"Excellent"
"7900845250",2022-09-20,06:34:56,,,"3922",44.85666,-93.29881,,0,7338,0,"Good"
"7900845251",2022-09-20,06:34:56,,,"3728",44.9198,-93.278,0,0,42615,120,
"7900845252",2022-09-20,06:34:56,,,"2658",45.13245,-93.47644,,0,18072,120,"Excellent"
"7900845253",2022-09-20,06:34:56,,,"2601",44.9466,-93.13993,92,8.9408,40104,60,"Excellent"
"7900845254",2022-09-20,06:34:56,,,"4042",44.95463,-93.07102,56,8.9408,26972,60,"Excellent"
"7900845255",2022-09-20,06:34:56,,,"3758",45.01638,-93.24728,0,8.9408,51064,-15,
"7900845256",2022-09-20,06:34:56,,,"2438",44.86265,-93.24353,,0,804,0,"Good"
"7900845257",2022-09-20,06:34:56,,,"3796",44.94281,-93.10476,40,11.176,61026,0,"Good"
"7900845258",2022-09-20,06:34:56,,,"2385",44.91969,-93.27486,,0,66482,-60,"Good"
"7900845259",2022-09-20,06:34:56,,,"3835",44.8964,-93.24235,76,22.352,5343,15,"Good"
"7900845260",2022-09-20,06:34:56,,,"3683",44.97509,-93.27101,0,0,15288,75,
"7900845261",2022-09-20,06:34:56,,,"3671",44.88897,-93.30875,,0,38559,-300,"Excellent"
"7900845262",2022-09-20,06:34:56,,,"3867",44.96784,-93.09077,12,8.9408,692,-45,"Good"
"7900845263",2022-09-20,06:34:56,,,"5399",44.84236,-93.24795,180,11.176,41070,-135,"Excellent"
"7900845264",2022-09-20,06:34:56,,,"4006",44.96251,-93.24817,272,0.44704,17364,-30,"Good"
"7900845265",2022-09-20,06:34:56,,,"3506",44.98453,-93.28109,,0,0,0,"Poor"
"7900845266",2022-09-20,06:34:56,,,"3987",44.92224,-93.18737,0,11.176,19360,-180,"Good"
"7900845267",2022-09-20,06:34:56,,,"2536",44.9012,-93.26295,,0,24333,0,"Excellent"
"7900845268",2022-09-20,06:34:56,,,"5364",44.82532,-93.29043,,0,28308,0,"Excellent"
"7900845269",2022-09-20,06:34:56,,,"2279",44.94147,-93.21306,88,6.7056,52207,-30,"Excellent"
"7900845270",2022-09-20,06:34:56,,,"2540",45.00937,-93.28284,180,26.8224,36161,135,"Excellent"
"7900845271",2022-09-20,06:34:56,,,"2609",44.93421,-93.25188,,0,44160,-15,"Excellent"
"7900845272",2022-09-20,06:34:56,,,"2567",44.97128,-93.37916,96,22.352,81883,45,"Excellent"
"7900845273",2022-09-20,06:34:56,,,"3743",44.8261,-93.28846,0,0.44704,45978,-75,
"7900845274",2022-09-20,06:34:56,,,"2485",44.96406,-93.09034,192,20.1168,1287,-105,"Excellent"
"7900845275",2022-09-20,06:34:56,,,"4106",45.09111,-93.43061,280,0,11217,750,"Poor"
"7900845276",2022-09-20,06:34:56,,,"4144",44.87376,-93.22397,284,0.44704,58081,0,"Good"
"7900845277",2022-09-20,06:34:57,,,"3824",44.96283,-93.24483,,0,23528,-30,"Good"
"7900845278",2022-09-20,06:34:57,,,"2695",44.91157,-93.08201,,0,46493,0,"Excellent"
"7900845279",2022-09-20,06:34:57,,,"4135",44.98382,-93.24398,300,8.9408,34584,75,"Excellent"
"7900845280",2022-09-20,06:34:57,,,"4005",44.98224,-93.26882,44,4.4704,13405,-135,"Good"
"7900845281",2022-09-20,06:34:57,,,"2440",44.82898,-93.29219,344,20.1168,25250,-30,"Good"
"7900845282",2022-09-20,06:34:57,,,"2561",45.14556,-93.1837,,0,82028,180,"Excellent"
"7900845283",2022-09-20,06:34:57,,,"2119",45.03275,-93.19077,4,26.8224,5729,0,"Excellent"
"7900845284",2022-09-20,06:34:57,,,"4049",44.94754,-93.09301,,0,19827,120,"Excellent"
"7900845285",2022-09-20,06:34:57,,,"3931",44.98088,-93.26522,40,4.4704,48489,-1200,
"7900845286",2022-09-20,06:34:57,,,"3744",44.97791,-93.27122,32,4.4704,41859,-285,
"7900845287",2022-09-20,06:34:57,,,"4074",44.89818,-93.2324,164,2.2352,27664,0,"Excellent"
"7900845288",2022-09-20,06:34:57,,,"5345",45.08067,-93.13285,,0,17123,0,"Good"
"7900845289",2022-09-20,06:34:57,,,"2081",44.96646,-93.11606,,0,9028,-210,"Excellent"
"7900845290",2022-09-20,06:34:57,,,"2597",44.98813,-93.25962,228,0.44704,33924,-150,"Excellent"
"7900845291",2022-09-20,06:34:57,,,"4073",45.09032,-93.34114,176,8.9408,6855,0,"Excellent"
"7900845292",2022-09-20,06:34:57,,,"3732",44.86937,-93.27828,180,17.8816,60784,-120,"Good"
"7900845293",2022-09-20,06:34:57,,,"3984",44.95401,-93.01495,276,2.2352,33232,-150,"Good"
"7900845294",2022-09-20,06:34:57,,,"2669",45.1252,-93.26433,,0,18893,-75,"Excellent"
"7900845295",2022-09-20,06:34:57,,,"2667",45.06807,-93.26419,104,8.9408,40587,390,"Excellent"
"7900845296",2022-09-20,06:34:57,,,"5401",44.82865,-93.33316,,0,37529,-255,"Excellent"
"7900845297",2022-09-20,06:34:57,,,"2200",45.04242,-93.31843,148,15.6464,16833,-90,"Good"
"7900845298",2022-09-20,06:34:57,,,"2684",44.9385,-93.12133,,0,33442,-1260,"Excellent"
"7900845299",2022-09-20,06:34:57,,,"4056",44.95054,-93.25252,0,8.9408,46011,45,"Excellent"
"7900845300",2022-09-20,06:34:57,,,"4179",45.07697,-93.31093,,0,0,0,"Good"
"7900845301",2022-09-20,06:34:57,,,"5370",44.77613,-93.31805,,0,466,-195,"Excellent"
"7900845302",2022-09-20,06:34:57,,,"4182",44.98594,-93.28505,,0,451066,0,"Good"
"7900845303",2022-09-20,06:34:57,,,"5017",44.82767,-93.33301,344,8.9408,30995,-75,"Excellent"
"7900845304",2022-09-20,06:34:57,,,"2592",45.02634,-93.28808,180,11.176,20792,45,"Excellent"
"7900845305",2022-09-20,06:34:57,,,"2598",44.95005,-93.2982,,0,30078,-45,"Excellent"
"7900845306",2022-09-20,06:34:57,,,"2526",45.05972,-93.40829,,0,28501,0,"Excellent"
"7900845307",2022-09-20,06:34:57,,,"3721",44.96974,-93.2778,,0,46928,-165,"Excellent"
"7900845308",2022-09-20,06:34:57,,,"2491",44.96789,-93.20651,,0,29869,0,"Excellent"
"7900845309",2022-09-20,06:34:57,,,"2577",44.82621,-92.95574,224,0,16286,360,
"7900856140",2022-09-20,06:38:49,,,"2485",44.95262,-93.04248,88,22.352,6469,210,"Excellent"
"7900856141",2022-09-20,06:38:49,,,"4135",44.98407,-93.26638,,0,36757,180,"Excellent"
"7900856142",2022-09-20,06:38:49,,,"4049",44.94941,-93.0945,328,4.4704,20100,-60,"Excellent"
"7900856143",2022-09-20,06:38:49,,,"2561",45.14542,-93.18391,,0,82060,0,"Excellent"
"7900856144",2022-09-20,06:38:49,,,"5401",44.82865,-93.33316,,0,37529,-480,"Excellent"
"7900856145",2022-09-20,06:38:49,,,"3895",44.94838,-93.18288,92,2.2352,33265,75,"Good"
"7900856146",2022-09-20,06:38:49,,,"2113",44.95206,-93.01254,,0,20277,0,"Excellent"
"7900856147",2022-09-20,06:38:49,,,"4074",44.90178,-93.21413,88,11.176,29499,30,"Excellent"
"7900856148",2022-09-20,06:38:49,,,"3862",44.99167,-93.02509,,0,41440,75,"Good"
"7900856149",2022-09-20,06:38:49,,,"2592",45.01365,-93.28803,180,11.176,22208,45,"Excellent"
"7900856150",2022-09-20,06:38:49,,,"3711",44.97907,-93.26256,312,0,46735,-195,
"7900856151",2022-09-20,06:38:49,,,"2597",44.97934,-93.27021,208,0.44704,35309,-60,"Excellent"
"7900856152",2022-09-20,06:38:49,,,"2684",44.9385,-93.12142,,0,33442,-1485,"Excellent"
"7900856153",2022-09-20,06:38:49,,,"2081",44.97024,-93.12601,,0,10219,-285,"Excellent"
"7900856154",2022-09-20,06:38:49,,,"4073",45.08291,-93.33076,180,8.9408,8449,-30,"Excellent"
"7900856155",2022-09-20,06:38:49,,,"2669",45.11518,-93.26357,108,4.4704,20036,-150,"Excellent"
"7900856156",2022-09-20,06:38:49,,,"2526",45.05523,-93.39064,180,13.4112,30303,-60,"Excellent"
"7900856157",2022-09-20,06:38:49,,,"2598",44.94876,-93.29836,180,4.4704,30239,-270,"Excellent"
"7900856158",2022-09-20,06:38:49,,,"2491",44.96789,-93.2065,,0,29869,0,"Excellent"
"7900856159",2022-09-20,06:38:49,,,"2667",45.10602,-93.26359,0,20.1168,44884,930,"Excellent"
"7900856160",2022-09-20,06:38:49,,,"4056",44.96085,-93.25229,4,8.9408,47137,15,"Excellent"
"7900856161",2022-09-20,06:38:49,,,"2508",44.92751,-92.95718,,0,29338,0,"Excellent"
"7900856162",2022-09-20,06:38:49,,,"3854",44.9071,-93.08076,180,2.2352,36306,-90,"Good"
"7900856163",2022-09-20,06:38:49,,,"3866",44.94521,-93.10401,,0,41521,15,"Good"
"7900856164",2022-09-20,06:38:49,,,"2577",44.82621,-92.95574,224,0,16286,120,
"7900856165",2022-09-20,06:38:49,,,"3876",44.95796,-93.08488,,0,31897,-60,"Good"
"7900856166",2022-09-20,06:38:49,,,"2074",44.94512,-93.27904,,0,112,0,"Poor"
"7900856167",2022-09-20,06:38:49,,,"3898",44.93739,-93.66434,,0,35984,-105,"Excellent"
"7900856168",2022-09-20,06:38:49,,,"5018",44.96934,-93.19784,212,8.9408,49036,-90,"Excellent"
"7900856169",2022-09-20,06:38:49,,,"2121",45.03662,-93.32994,244,6.7056,43210,-195,"Excellent"
"7900856170",2022-09-20,06:38:49,,,"5365",44.77721,-93.32096,,0,0,0,"Excellent"
"7900856171",2022-09-20,06:38:49,,,"2284",44.91393,-93.27513,180,26.8224,3781,105,"Excellent"
"7900856172",2022-09-20,06:38:49,,,"5387",45.06223,-93.2629,180,6.7056,35872,105,"Excellent"
"7900856173",2022-09-20,06:38:49,,,"2387",44.89547,-93.27475,0,22.352,7596,0,"Good"
"7900856174",2022-09-20,06:38:49,,,"2499",44.99161,-93.0253,,0,17493,75,"Excellent"
"7900856175",2022-09-20,06:38:49,,,"4053",44.958,-93.08468,20,6.7056,37288,-90,"Excellent"
"7900856176",2022-09-20,06:38:50,,,"2227",44.82585,-93.28986,184,6.7056,37883,45,"Good"
"7900856177",2022-09-20,06:38:50,,,"3900",44.91755,-93.23219,64,11.176,25669,-45,
"7900856178",2022-09-20,06:38:50,,,"6140",44.97339,-93.40185,264,26.8224,74609,1050,"Excellent"
"7900856179",2022-09-20,06:38:50,,,"2490",44.96398,-93.08825,12,0,0,0,
"7900856180",2022-09-20,06:38:50,,,"2285",44.91709,-93.20635,204,8.9408,37658,-150,"Excellent"
"7900856181",2022-09-20,06:38:50,,,"4071",44.97407,-93.27093,32,4.4704,39058,30,"Excellent"
"7900856182",2022-09-20,06:38:50,,,"2549",44.87632,-93.32134,180,11.176,48038,-150,"Excellent"
"7900856183",2022-09-20,06:38:50,,,"2071",44.96943,-93.34959,48,4.4704,69024,-30,"Excellent"
"7900856184",2022-09-20,06:38:50,,,"3942",45.04238,-93.24698,,0,23013,0,"Good"
"7900856185",2022-09-20,06:38:50,,,"3881",44.96661,-93.09075,,0,0,0,"Poor"
"7900856186",2022-09-20,06:38:50,,,"2524",44.97384,-93.26777,,0,27986,-195,"Excellent"
"7900856187",2022-09-20,06:38:50,,,"2118",44.91339,-93.14771,48,4.4704,36966,-60,"Excellent"
"7900856188",2022-09-20,06:38:50,,,"2286",44.91419,-93.28825,0,8.9408,16544,-75,"Excellent"
"7900856189",2022-09-20,06:38:50,,,"2110",45.07515,-93.36646,116,4.4704,52545,-60,"Excellent"
"7900856190",2022-09-20,06:38:50,,,"2585",45.03467,-93.29575,180,6.7056,34069,45,"Excellent"
"7900856191",2022-09-20,06:38:50,,,"3941",44.97841,-93.26255,128,0.44704,29837,0,"Good"
"7900856192",2022-09-20,06:38:50,,,"3878",44.95883,-93.10603,180,8.9408,35550,75,"Good"
"7900856193",2022-09-20,06:38:50,,,"2535",45.05686,-93.38675,100,11.176,45431,-75,"Excellent"
"7900856194",2022-09-20,06:38:50,,,"4048",45.07536,-93.30561,176,13.4112,692,0,
"7900856195",2022-09-20,06:38:50,,,"2632",44.96992,-93.27437,240,6.7056,39815,-45,"Excellent"
"7900856196",2022-09-20,06:38:50,,,"5367",44.85686,-93.35343,,0,24156,315,"Excellent"
"7900856197",2022-09-20,06:38:50,,,"3828",44.89686,-93.31881,64,11.176,41714,30,
"7900856198",2022-09-20,06:38:50,,,"3996",45.01628,-92.99229,188,6.7056,41762,-135,"Good"
"7900856199",2022-09-20,06:38:50,,,"3644",45.06091,-93.1547,96,26.8224,89334,390,"Good"
"7900856200",2022-09-20,06:38:50,,,"4055",44.94843,-93.26952,,0,22160,-285,"Excellent"
"7900856201",2022-09-20,06:38:50,,,"2084",44.94682,-93.08591,,0,40571,645,"Excellent"
"7900856202",2022-09-20,06:38:50,,,"3914",44.94171,-93.27435,356,17.8816,1689,0,"Excellent"
"7900856203",2022-09-20,06:38:50,,,"3927",44.94075,-93.28815,0,13.4112,19102,-120,"Good"
"7900856204",2022-09-20,06:38:50,,,"3679",45.08009,-93.28748,356,22.352,3250,-105,"Good"
"7900856205",2022-09-20,06:38:50,,,"2277",44.97087,-93.37309,,0,31317,0,"Excellent"
"7900856206",2022-09-20,06:38:50,,,"4041",44.94652,-93.10203,,0,31494,-30,"Excellent"
"7900856207",2022-09-20,06:38:50,,,"5200",45.0080997,-93.4510774,,0,28984,300,"Excellent"
"7900856208",2022-09-20,06:38:50,,,"2338",45.01355,-93.16872,312,6.7056,93551,30,"Good"
"7900856209",2022-09-20,06:38:50,,,"3922",44.85666,-93.29881,,0,7338,0,"Excellent"
"7900856210",2022-09-20,06:38:50,,,"3728",44.91173,-93.27804,180,8.9408,43516,0,
"7900856211",2022-09-20,06:38:50,,,"3837",44.86,-93.25169,268,11.176,34295,15,"Good"
"7900856212",2022-09-20,06:38:50,,,"2568",44.98214,-93.27429,88,2.2352,38495,120,"Good"
"7900856213",2022-09-20,06:38:50,,,"3835",44.90515,-93.19913,348,8.9408,9623,0,"Good"
"7900856214",2022-09-20,06:38:50,,,"3758",45.03718,-93.24718,0,11.176,53333,45,"Good"
"7900856215",2022-09-20,06:38:50,,,"2652",45.09227,-93.44363,300,26.8224,59014,1140,"Poor"
"7900856216",2022-09-20,06:38:50,,,"3796",44.94623,-93.0936,52,4.4704,62088,15,"Good"
"7900856217",2022-09-20,06:38:50,,,"2633",44.99019,-93.28025,,0,25765,-645,"Excellent"
"7900856218",2022-09-20,06:38:50,,,"3683",44.97201,-93.26371,0,0,15932,15,
"7900856219",2022-09-20,06:38:50,,,"4159",45.21582,-93.41594,,0,103207,525,"Excellent"
"7900856220",2022-09-20,06:38:50,,,"2672",45.0136,-93.20492,4,4.4704,20631,-105,"Excellent"
"7900856221",2022-09-20,06:38:50,,,"3671",44.87431,-93.30868,180,13.4112,40201,-360,"Excellent"
"7900856222",2022-09-20,06:38:50,,,"2515",45.08376,-93.37696,,0,32315,-30,"Excellent"
"7900856223",2022-09-20,06:38:50,,,"3867",44.95356,-93.08354,,0,2977,0,"Good"
"7900856224",2022-09-20,06:38:50,,,"2069",44.97884,-93.263,124,0.44704,25604,0,"Good"
"7900856225",2022-09-20,06:38:50,,,"3506",44.98453,-93.28109,,0,112,0,"Poor"
"7900856226",2022-09-20,06:38:50,,,"2663",44.81277,-93.21982,136,0.44704,76105,15,"Excellent"
"7900856227",2022-09-20,06:38:50,,,"2687",45.01074,-93.16639,0,17.8816,39412,-255,"Excellent"
"7900856228",2022-09-20,06:38:50,,,"2185",44.97091,-93.26156,,0,58258,0,"Good"
"7900856229",2022-09-20,06:38:50,,,"2494",44.94522,-93.09733,,0,55618,135,"Excellent"
"7900856230",2022-09-20,06:38:51,,,"5395",44.8459,-93.24781,0,15.6464,36548,-75,"Excellent"
"7900856231",2022-09-20,06:38:51,,,"3947",45.0073,-93.38528,92,17.8816,19151,-135,"Good"
"7900856232",2022-09-20,06:38:51,,,"4010",44.93496,-93.27018,0,8.9408,31897,-45,"Good"
"7900856233",2022-09-20,06:38:51,,,"2582",44.88386,-93.25298,,0,22563,0,"Excellent"
"7900856234",2022-09-20,06:38:51,,,"5218",44.85556,-93.35226,344,6.7056,29209,45,"Excellent"
"7900856235",2022-09-20,06:38:51,,,"2605",44.86187,-93.32727,,0,32701,0,"Excellent"
"7900856236",2022-09-20,06:38:51,,,"5038",45.20583,-93.37153,332,8.9408,42889,0,"Excellent"
"7900856237",2022-09-20,06:38:51,,,"4157",45.19894,-93.39276,128,6.7056,32814,45,"Excellent"
"7900856238",2022-09-20,06:38:51,,,"2281",44.99076,-93.0965,180,2.2352,38431,0,"Excellent"
"7900856239",2022-09-20,06:38:51,,,"2629",45.01485,-93.01984,8,13.4112,52400,-60,"Excellent"
"7900856240",2022-09-20,06:38:51,,,"3743",44.8362,-93.27842,0,11.176,47894,-60,"Good"
"7900856241",2022-09-20,06:38:51,,,"3824",44.96275,-93.26687,268,11.176,25298,60,"Good"
"7900856242",2022-09-20,06:38:51,,,"2124",45.01338,-93.16841,308,6.7056,6871,-45,"Excellent"
"7900856243",2022-09-20,06:38:51,,,"4022",44.70682,-93.28441,,0,0,-720,"Excellent"
"7900856244",2022-09-20,06:38:51,,,"2642",44.91969,-93.21635,,0,42583,-285,"Excellent"
"7900856245",2022-09-20,06:38:51,,,"2525",45.16627,-93.36147,92,11.176,38366,-105,"Excellent"
"7900856246",2022-09-20,06:38:51,,,"2439",44.97857,-93.26217,304,4.4704,17429,15,"Good"
"7900856247",2022-09-20,06:38:51,,,"2498",44.90283,-93.06554,184,26.8224,41183,0,"Excellent"
"7900856248",2022-09-20,06:38:51,,,"2578",44.94844,-92.99089,96,26.8224,10734,360,"Excellent"
"7900856249",2022-09-20,06:38:51,,,"3944",45.1898,-93.3989,,0,32074,0,"Good"
"7900856250",2022-09-20,06:38:51,,,"3931",44.98306,-93.26496,300,4.4704,49020,15,
"7900856251",2022-09-20,06:38:51,,,"4067",44.90211,-93.20332,,0,31510,0,"Excellent"
"7900856252",2022-09-20,06:38:51,,,"3744",44.98278,-93.26797,0,0,42502,-300,
"7900856253",2022-09-20,06:38:51,,,"3999",45.03402,-93.26515,180,8.9408,26296,-255,"Good"
"7900922716",2022-09-20,07:01:25,,,"3861",44.9722,-93.27149,,0,31446,0,"Poor"
"7900922717",2022-09-20,07:01:25,,,"2275",44.98928,-93.25146,116,0.44704,15787,0,"Excellent"
"7900922718",2022-09-20,07:01:25,,,"2678",44.96374,-93.08833,40,0,0,0,"Poor"
"7900922719",2022-09-20,07:01:25,,,"2127",44.9136,-93.14057,,0,21162,0,"Excellent"
"7900922720",2022-09-20,07:01:25,,,"2589",44.86941,-93.27818,0,11.176,34150,-75,"Excellent"
"7900922721",2022-09-20,07:01:25,,,"2531",45.07801,-93.39192,168,13.4112,16302,-90,"Excellent"
"7900922722",2022-09-20,07:01:25,,,"3677",44.99024,-93.24972,64,6.7056,16141,-105,"Good"
"7900922723",2022-09-20,07:01:25,,,"2642",44.91839,-93.20608,136,11.176,44498,-165,"Excellent"
"7900922724",2022-09-20,07:01:25,,,"3872",44.88351,-93.25769,,0,56278,-15,"Excellent"
"7900922725",2022-09-20,07:01:25,,,"2548",44.88158,-93.32238,,0,50147,0,"Excellent"
"7900922726",2022-09-20,07:01:25,,,"2134",44.82464,-93.29056,156,2.2352,31398,-30,"Excellent"
"7900922727",2022-09-20,07:01:25,,,"2511",44.94359,-93.00499,180,11.176,58644,-30,"Excellent"
"7900922728",2022-09-20,07:01:25,,,"2525",45.073,-93.28648,168,13.4112,53607,45,"Excellent"
"7900922729",2022-09-20,07:01:25,,,"3996",44.97129,-93.07357,180,8.9408,52577,15,"Good"
"7900922730",2022-09-20,07:01:25,,,"2538",45.07718,-93.31172,,0,3089,0,"Poor"
"7900922731",2022-09-20,07:01:25,,,"3583",44.93572,-93.34858,80,8.9408,34021,-105,"Excellent"
"7900922732",2022-09-20,07:01:25,,,"5367",44.864,-93.3474,,0,28791,-285,"Excellent"
"7900922733",2022-09-20,07:01:25,,,"4126",44.9472,-93.09384,,0,10927,165,"Excellent"
"7900922734",2022-09-20,07:01:25,,,"5381",44.94965,-93.08854,240,6.7056,52625,720,"Good"
"7900922735",2022-09-20,07:01:25,,,"2390",44.86288,-93.24382,,0,885,0,"Good"
"7900922736",2022-09-20,07:01:25,,,"2062",44.9852461,-93.2822118,,0,0,0,"Poor"
"7900922737",2022-09-20,07:01:25,,,"3908",44.96241,-93.24781,96,8.9408,44771,30,"Good"
"7900922738",2022-09-20,07:01:25,,,"2582",44.91439,-93.25238,0,4.4704,28034,0,"Excellent"
"7900922739",2022-09-20,07:01:25,,,"2338",44.91797,-93.18713,,0,106023,-60,"Good"
"7900922740",2022-09-20,07:01:25,,,"4091",44.98826,-93.23726,208,11.176,47507,45,"Excellent"
"7900922741",2022-09-20,07:01:25,,,"3889",44.95823,-93.0737,,0,87628,-75,"Good"
"7900922742",2022-09-20,07:01:25,,,"4085",44.90385,-93.16606,,0,64840,-1470,"Excellent"
"7900922743",2022-09-20,07:01:25,,,"5176",45.0118342,-93.4614353,,0,45946,-60,"Excellent"
"7900922744",2022-09-20,07:01:25,,,"2602",44.97474,-93.27404,24,2.2352,24381,-225,"Excellent"
"7900922745",2022-09-20,07:01:25,,,"2576",44.82626,-92.95573,,0,80225,0,"Excellent"
"7900922746",2022-09-20,07:01:25,,,"2596",44.9468,-93.08589,,0,20342,960,"Excellent"
"7900922747",2022-09-20,07:01:25,,,"4066",45.02992,-93.33951,,0,53896,0,"Excellent"
"7900922748",2022-09-20,07:01:25,,,"4141",44.97908,-93.27052,,0,38495,0,"Excellent"
"7900922749",2022-09-20,07:01:25,,,"2552",45.01373,-93.288,180,13.4112,44514,120,"Excellent"
"7900922750",2022-09-20,07:01:25,,,"2638",45.00574,-93.40099,180,22.352,75816,0,"Excellent"
"7900922751",2022-09-20,07:01:25,,,"4045",44.95117,-93.10121,260,11.176,25781,-165,"Excellent"
"7900922752",2022-09-20,07:01:25,,,"3673",44.93546,-93.29076,0,8.9408,2526,0,"Good"
"7900922753",2022-09-20,07:01:25,,,"2604",44.91975,-93.25222,,0,31494,-210,"Excellent"
"7900922754",2022-09-20,07:01:25,,,"3703",45.11686,-93.20914,64,11.176,53542,15,
"7900922755",2022-09-20,07:01:25,,,"5393",44.84789,-93.28288,92,8.9408,27793,-90,"Excellent"
"7900922756",2022-09-20,07:01:25,,,"4072",44.89676,-93.27508,180,26.8224,60012,900,"Excellent"
"7900922757",2022-09-20,07:01:25,,,"4084",44.94837,-93.22453,92,2.2352,8400,-30,"Excellent"
"7900922758",2022-09-20,07:01:25,,,"2177",45.05593,-93.32189,348,13.4112,16592,-525,"Excellent"
"7900922759",2022-09-20,07:01:25,,,"3912",44.95736,-93.23172,92,8.9408,41295,-120,"Good"
"7900922760",2022-09-20,07:01:25,,,"2545",45.09786,-93.3412,180,6.7056,6035,75,"Excellent"
"7900922761",2022-09-20,07:01:25,,,"2620",44.98811,-93.20809,268,11.176,13260,-30,"Excellent"
"7900922762",2022-09-20,07:01:25,,,"2622",44.97167,-93.25662,,0,68397,-30,"Excellent"
"7900922763",2022-09-20,07:01:25,,,"2515",45.00722,-93.3632,92,11.176,42615,-105,"Excellent"
"7900922764",2022-09-20,07:01:25,,,"3947",45.06064,-93.41257,,0,27938,-510,"Good"
"7900922765",2022-09-20,07:01:25,,,"2656",45.0914,-93.43694,284,0,64405,-510,"Poor"
"7900922766",2022-09-20,07:01:25,,,"3897",44.96483,-93.10577,,0,45560,-120,"Good"
"7900922767",2022-09-20,07:01:25,,,"4183",44.9662795,-93.0909362,,0,1054683,-60,"Poor"
"7900922768",2022-09-20,07:01:26,,,"2070",44.97361,-93.28324,60,11.176,14725,60,"Excellent"
"7900922769",2022-09-20,07:01:26,,,"3924",45.02047,-93.33517,,0,33007,-105,"Good"
"7900922770",2022-09-20,07:01:26,,,"5387",45.03565,-93.20358,92,13.4112,44707,0,"Excellent"
"7900922771",2022-09-20,07:01:26,,,"2276",44.89723,-93.40456,344,8.9408,50903,180,"Excellent"
"7900922772",2022-09-20,07:01:26,,,"3860",44.97209,-93.08375,192,2.2352,56214,-45,"Good"
"7900922773",2022-09-20,07:01:26,,,"4010",44.97871,-93.27098,4,0.44704,37594,-105,"Good"
"7900922774",2022-09-20,07:01:26,,,"4147",45.12223,-93.26392,180,20.1168,49133,-90,"Excellent"
"7900922775",2022-09-20,07:01:26,,,"3628",45.02868,-93.02382,,0,67093,0,"Good"
"7900922776",2022-09-20,07:01:26,,,"3930",44.92264,-93.13433,228,13.4112,28179,-270,"Good"
"7900922777",2022-09-20,07:01:26,,,"2522",44.97088,-93.37256,,0,9060,180,"Excellent"
"7900922778",2022-09-20,07:01:26,,,"2118",44.98416,-93.15668,0,8.9408,46815,-105,"Excellent"
"7900922779",2022-09-20,07:01:26,,,"3999",44.98095,-93.26894,,0,33941,-345,"Good"
"7900922780",2022-09-20,07:01:26,,,"2124",45.04451,-93.12382,168,11.176,19392,-135,"Excellent"
"7900922781",2022-09-20,07:01:26,,,"2075",44.97148,-93.38166,116,8.9408,33184,60,"Excellent"
"7900922782",2022-09-20,07:01:26,,,"4080",44.9496,-93.36108,92,0.44704,20567,30,"Excellent"
"7900922783",2022-09-20,07:01:26,,,"2110",45.02997,-93.3399,,0,60237,0,"Excellent"
"7900922784",2022-09-20,07:01:26,,,"2566",44.94845,-93.26495,,0,57550,0,"Excellent"
"7900922785",2022-09-20,07:01:26,,,"3944",45.1663,-93.38121,92,6.7056,36741,-90,"Good"
"7900922786",2022-09-20,07:01:26,,,"4064",45.05955,-93.31804,,0,35115,0,"Excellent"
"7900922787",2022-09-20,07:01:26,,,"5369",44.77519,-93.31433,108,15.6464,804,0,"Excellent"
"7900922788",2022-09-20,07:01:26,,,"5401",44.8335,-93.28878,180,4.4704,48682,-180,"Excellent"
"7900922789",2022-09-20,07:01:26,,,"2204",45.03357,-93.30857,,0,47636,-30,"Good"
"7900922790",2022-09-20,07:01:26,,,"2439",44.86534,-93.30244,212,6.7056,32766,15,"Good"
"7900922791",2022-09-20,07:01:26,,,"3755",45.01473,-93.2956,180,11.176,55602,-75,"Good"
"7900922792",2022-09-20,07:01:26,,,"3951",45.05467,-93.32159,352,6.7056,27857,-270,"Good"
"7900922793",2022-09-20,07:01:26,,,"2181",45.03481,-93.30855,0,13.4112,43420,-60,"Good"
"7900922794",2022-09-20,07:01:26,,,"5347",44.84073,-93.02213,,0,68139,0,"Good"
"7900922795",2022-09-20,07:01:26,,,"3735",44.98763,-93.23036,0,0.44704,8175,-285,"Excellent"
"7900922796",2022-09-20,07:01:26,,,"3881",44.97938,-93.26311,0,0,2269,240,
"7900922797",2022-09-20,07:01:26,,,"3841",44.89897,-93.28835,,0,9881,0,"Excellent"
"7900922798",2022-09-20,07:01:26,,,"3751",45.05916,-93.24774,,0,33281,-120,"Good"
"7900922799",2022-09-20,07:01:26,,,"5350",44.96631,-93.24847,292,22.352,38592,225,"Good"
"7900922800",2022-09-20,07:01:26,,,"3987",44.95137,-93.0873,,0,29080,-90,"Good"
"7900922801",2022-09-20,07:01:26,,,"2625",44.96209,-93.19328,120,17.8816,54556,-225,"Excellent"
"7900922802",2022-09-20,07:01:26,,,"2385",44.97803,-93.2619,,0,74078,0,"Good"
"7900922803",2022-09-20,07:01:26,,,"2508",44.93294,-93.01131,80,13.4112,35260,-105,"Excellent"
"7900922804",2022-09-20,07:01:26,,,"2677",44.95032,-93.00591,100,22.352,21903,0,"Excellent"
"7900922805",2022-09-20,07:01:26,,,"2603",44.97087,-93.3728,,0,31108,0,"Excellent"
"7900922806",2022-09-20,07:01:26,,,"3864",44.95315,-93.0124,,0,57678,0,"Good"
"7900922807",2022-09-20,07:01:26,,,"2121",45.03335,-93.39431,92,13.4112,52239,-105,"Excellent"
"7900922808",2022-09-20,07:01:26,,,"4090",44.92184,-93.32905,8,2.2352,16463,-120,"Excellent"
"7900922809",2022-09-20,07:01:26,,,"2600",44.94836,-93.26824,,0,24622,-225,"Excellent"
"7900922810",2022-09-20,07:01:26,,,"2626",44.94983,-93.29771,,0,21919,300,"Excellent"
"7900922811",2022-09-20,07:01:26,,,"3838",44.97268,-93.21827,,0,30126,0,"Excellent"
"7900922812",2022-09-20,07:01:26,,,"4006",44.96935,-93.32161,180,2.2352,26023,0,"Good"
"7900922813",2022-09-20,07:01:26,,,"3795",44.96652,-93.2778,0,11.176,40893,60,"Good"
"7900922814",2022-09-20,07:01:26,,,"3891",44.88346,-93.27493,88,13.4112,42631,15,"Good"
"7900922815",2022-09-20,07:01:27,,,"4063",44.99872,-93.29412,0,4.4704,53076,-345,"Excellent"
"7900922816",2022-09-20,07:01:27,,,"2487",44.98763,-93.2602,220,11.176,28115,-105,"Excellent"
"7900922817",2022-09-20,07:01:27,,,"4057",44.98548,-93.28218,,0,289,0,"Excellent"
"7900922818",2022-09-20,07:01:27,,,"4005",45.0424,-93.247,,0,23271,0,"Good"
"7900922819",2022-09-20,07:01:27,,,"2679",44.9652,-93.08758,,0,128,0,"Poor"
"7900922820",2022-09-20,07:01:27,,,"3582",45.04098,-93.25944,272,13.4112,68220,-30,"Good"
"7900922821",2022-09-20,07:01:27,,,"2557",44.95509,-93.25248,180,4.4704,44289,-225,"Excellent"
"7900922822",2022-09-20,07:01:27,,,"2588",44.89296,-93.28834,180,6.7056,67994,-60,"Excellent"
"7900922823",2022-09-20,07:01:27,,,"5218",44.86304,-93.36591,68,8.9408,37127,75,"Excellent"
"7900922824",2022-09-20,07:01:27,,,"2556",44.96304,-93.23301,,0,34616,-135,"Excellent"
"7900922825",2022-09-20,07:01:27,,,"2519",45.05967,-93.31885,,0,48344,0,"Excellent"
"7900922826",2022-09-20,07:01:27,,,"2440",44.97968,-93.26362,120,6.7056,45158,135,"Good"
"7900922827",2022-09-20,07:01:27,,,"5038",45.20074,-93.3872,0,8.9408,48312,-75,"Excellent"
"7900922828",2022-09-20,07:01:27,,,"4162",45.12049,-93.30813,340,22.352,50131,690,"Excellent"
"7900922829",2022-09-20,07:01:27,,,"2586",44.90023,-93.20085,,0,32251,30,"Excellent"
"7900949164",2022-09-20,07:09:58,,,"2070",44.97919,-93.27045,0,6.7056,16350,165,"Good"
"7900949165",2022-09-20,07:09:58,,,"3984",44.94004,-93.15635,272,4.4704,46542,-15,"Good"
"7900949166",2022-09-20,07:09:58,,,"4182",44.98594,-93.28505,,0,471006,0,"Good"
"7900949167",2022-09-20,07:09:58,,,"3879",45.03543,-93.30896,96,4.4704,33297,-150,"Good"
"7900949168",2022-09-20,07:09:58,,,"3789",44.98598,-93.26201,64,11.176,42969,-255,"Good"
"7900949169",2022-09-20,07:09:58,,,"3677",44.97394,-93.22725,,0,19328,-150,"Good"
"7900949170",2022-09-20,07:09:58,,,"2116",45.00426,-92.98478,180,15.6464,59030,-240,"Excellent"
"7900949171",2022-09-20,07:09:58,,,"2620",44.97444,-93.23695,180,0.44704,16576,-45,"Excellent"
"7900949172",2022-09-20,07:09:58,,,"2200",44.97094,-93.26156,,0,28694,0,"Good"
"7900949173",2022-09-20,07:09:58,,,"3690",44.86368,-93.22404,,0,1689,0,"Good"
"7900949174",2022-09-20,07:09:58,,,"5217",44.86202,-93.24456,92,20.1168,17171,0,"Excellent"
"7900949175",2022-09-20,07:09:58,,,"5392",44.96274,-93.23969,272,13.4112,235447,45,"Excellent"
"7900949176",2022-09-20,07:09:58,,,"5389",44.99925,-93.31851,356,4.4704,18636,0,"Excellent"
"7900949177",2022-09-20,07:09:58,,,"5126",44.86815,-93.36342,0,8.9408,52995,-30,"Excellent"
"7900949178",2022-09-20,07:09:58,,,"4147",45.06441,-93.26251,,0,55586,-60,"Excellent"
